state,crop,avg_price_quintal
Andaman And Nicobar,Amaranthus,6094.62
Andaman And Nicobar,Ashgourd,6388.89
Andaman And Nicobar,Banana,6423.86
Andaman And Nicobar,Banana - Green,4399.52
Andaman And Nicobar,Beetroot,10333.33
Andaman And Nicobar,Bhindi (Ladies Finger),7545.08
Andaman And Nicobar,Bitter Gourd,10119.78
Andaman And Nicobar,Bottle Gourd,5590.25
Andaman And Nicobar,Brinjal,9422.72
Andaman And Nicobar,Cabbage,9600.0
Andaman And Nicobar,Capsicum,8000.0
Andaman And Nicobar,Carrot,13266.67
Andaman And Nicobar,Cauliflower,12000.0
Andaman And Nicobar,Cluster Beans,6666.67
Andaman And Nicobar,Coconut,1446.61
Andaman And Nicobar,Colacasia,7372.73
Andaman And Nicobar,Coriander (Leaves),16938.46
Andaman And Nicobar,Cowpea (Veg),5642.36
Andaman And Nicobar,Cucumbar (Kheera),5257.61
Andaman And Nicobar,Drumstick,8915.38
Andaman And Nicobar,Elephant Yam (Suran),7872.14
Andaman And Nicobar,French Beans (Frasbean),8754.07
Andaman And Nicobar,Ginger (Dry),4592.0
Andaman And Nicobar,Ginger (Green),28500.0
Andaman And Nicobar,Green Chilli,23073.75
Andaman And Nicobar,Guava,3666.67
Andaman And Nicobar,Indian Beans (Seam),8000.0
Andaman And Nicobar,Jack Fruit,3000.0
Andaman And Nicobar,Knool Khol,5000.0
Andaman And Nicobar,Leafy Vegetable,4085.0
Andaman And Nicobar,Lemon,14.5
Andaman And Nicobar,Little Gourd (Kundru),6319.53
Andaman And Nicobar,Mint (Pudina),30000.0
Andaman And Nicobar,Onion,5304.35
Andaman And Nicobar,Papaya,2393.85
Andaman And Nicobar,Papaya (Raw),3579.34
Andaman And Nicobar,Pointed Gourd (Parval),9608.7
Andaman And Nicobar,Potato,4956.52
Andaman And Nicobar,Pumpkin,5264.22
Andaman And Nicobar,Raddish,3723.1
Andaman And Nicobar,Ridgeguard (Tori),5900.0
Andaman And Nicobar,Snakeguard,6038.46
Andaman And Nicobar,Spinach,5636.36
Andaman And Nicobar,Sweet Potato,5772.62
Andaman And Nicobar,Tapioca,5807.74
Andaman And Nicobar,Tender Coconut,14.0
Andaman And Nicobar,Tomato,6999.11
Andaman And Nicobar,Water Melon,6000.0
Andaman And Nicobar,Yam (Ratalu),5500.0
Andhra Pradesh,Ajwan,12364.72
Andhra Pradesh,Arhar (Tur/Red Gram)(Whole),6385.49
Andhra Pradesh,Bajra (Pearl Millet/Cumbu),2099.72
Andhra Pradesh,Banana,2249.17
Andhra Pradesh,Beans,7375.0
Andhra Pradesh,Beetroot,2800.0
Andhra Pradesh,Bengal Gram (Gram)(Whole),4987.05
Andhra Pradesh,Bengal Gram Dal (Chana Dal),4675.0
Andhra Pradesh,Bhindi (Ladies Finger),2223.81
Andhra Pradesh,Bitter Gourd,2352.17
Andhra Pradesh,Black Gram (Urd Beans)(Whole),7268.01
Andhra Pradesh,Black Gram Dal (Urd Dal),6032.5
Andhra Pradesh,Bottle Gourd,1065.22
Andhra Pradesh,Brinjal,2481.86
Andhra Pradesh,Cabbage,1006.5
Andhra Pradesh,Carrot,3833.33
Andhra Pradesh,Cashewnuts,11833.33
Andhra Pradesh,Castor Seed,5694.09
Andhra Pradesh,Cauliflower,1289.36
Andhra Pradesh,Chili Red,16000.0
Andhra Pradesh,Cluster Beans,4670.89
Andhra Pradesh,Cotton,7755.24
Andhra Pradesh,Cucumbar (Kheera),815.22
Andhra Pradesh,Dry Chillies,14684.27
Andhra Pradesh,Foxtail Millet (Navane),2996.38
Andhra Pradesh,Green Chilli,3839.7
Andhra Pradesh,Ground Nut Oil,7750.0
Andhra Pradesh,Groundnut,5851.99
Andhra Pradesh,Gur (Jaggery),3540.69
Andhra Pradesh,Jaggery,3460.86
Andhra Pradesh,Jowar (Sorghum),2632.75
Andhra Pradesh,Karbuja (Musk Melon),2688.89
Andhra Pradesh,Kulthi (Horse Gram),4100.0
Andhra Pradesh,Lemon,3319.18
Andhra Pradesh,Lime,3049.66
Andhra Pradesh,Maize,1994.89
Andhra Pradesh,Mango,2598.85
Andhra Pradesh,Mousambi (Sweet Lime),1361.31
Andhra Pradesh,Onion,1855.61
Andhra Pradesh,Paddy (Common),2345.0
Andhra Pradesh,Paddy (Dhan)(Basmati),2310.0
Andhra Pradesh,Paddy (Dhan)(Common),2070.32
Andhra Pradesh,Papaya,2426.09
Andhra Pradesh,Potato,1945.05
Andhra Pradesh,Raddish,1016.0
Andhra Pradesh,Rice,4106.44
Andhra Pradesh,Ridgeguard (Tori),2181.33
Andhra Pradesh,Soyabean,3968.98
Andhra Pradesh,Sunflower,5025.15
Andhra Pradesh,Sunflower Seed,5104.5
Andhra Pradesh,Sweet Potato,1095.65
Andhra Pradesh,Tamarind Fruit,10368.36
Andhra Pradesh,Tamarind Seed,4500.0
Andhra Pradesh,Tomato,1983.53
Andhra Pradesh,Turmeric,8689.84
Andhra Pradesh,Water Melon,2433.33
Andhra Pradesh,Wood,5854.46
Arunachal Pradesh,Apple,30000.0
Arunachal Pradesh,Ginger (Green),15000.0
Arunachal Pradesh,Green Peas,20000.0
Arunachal Pradesh,Persimon (Japani Fal),30000.0
Arunachal Pradesh,Squash (Chappal Kadoo),15000.0
Assam,Apple,8900.0
Assam,Banana,2801.98
Assam,Beans,2144.9
Assam,Beetroot,2774.34
Assam,Bhindi (Ladies Finger),2543.6
Assam,Bitter Gourd,2868.4
Assam,Bottle Gourd,1181.79
Assam,Brinjal,1842.29
Assam,Cabbage,1552.23
Assam,Capsicum,2131.31
Assam,Carrot,1843.33
Assam,Cauliflower,2138.31
Assam,Cucumbar (Kheera),1724.62
Assam,Drumstick,3160.0
Assam,French Beans (Frasbean),3616.0
Assam,Garlic,6045.28
Assam,Ginger (Green),5233.91
Assam,Green Chilli,4523.32
Assam,Knool Khol,1506.25
Assam,Lemon,1608.24
Assam,Mousambi (Sweet Lime),5000.0
Assam,Onion,2480.49
Assam,Papaya (Raw),1666.67
Assam,Pineapple,3333.33
Assam,Pointed Gourd (Parval),3483.33
Assam,Potato,1541.2
Assam,Pumpkin,1193.42
Assam,Raddish,1378.38
Assam,Ridgeguard (Tori),3194.74
Assam,Sponge Gourd,1675.0
Assam,Squash (Chappal Kadoo),2487.5
Assam,Tomato,2387.1
Bihar,Apple,7684.95
Bihar,Arhar (Tur/Red Gram)(Whole),8575.0
Bihar,Arhar Dal (Tur Dal),10496.55
Bihar,Banana,1833.74
Bihar,Banana - Green,3024.07
Bihar,Barley (Jau),2016.67
Bihar,Beaten Rice,56000.0
Bihar,Beetroot,2011.32
Bihar,Bengal Gram (Gram)(Whole),6650.0
Bihar,Bengal Gram Dal (Chana Dal),6333.33
Bihar,Ber (Zizyphus/Borehannu),2962.58
Bihar,Bhindi (Ladies Finger),1941.01
Bihar,Bitter Gourd,2186.23
Bihar,Bottle Gourd,1375.67
Bihar,Brinjal,1761.2
Bihar,Cabbage,1561.07
Bihar,Capsicum,5196.19
Bihar,Carrot,2067.84
Bihar,Cashewnuts,72888.89
Bihar,Cauliflower,2101.8
Bihar,Chikoos (Sapota),8100.0
Bihar,Chili Red,3500.0
Bihar,Coriander (Leaves),3064.38
Bihar,Cowpea (Veg),1752.59
Bihar,Cucumbar (Kheera),2025.03
Bihar,Dalda,10677.97
Bihar,Drumstick,3739.02
Bihar,Elephant Yam (Suran),2100.0
Bihar,Field Pea,2302.4
Bihar,Fish,17314.81
Bihar,French Beans (Frasbean),1857.41
Bihar,Garlic,2887.61
Bihar,Ginger (Green),5294.83
Bihar,Grapes,6498.71
Bihar,Green Chilli,3623.54
Bihar,Green Gram (Moong)(Whole),5712.5
Bihar,Green Peas,1829.17
Bihar,Guava,4191.86
Bihar,Indian Beans (Seam),1975.58
Bihar,Jack Fruit,2852.02
Bihar,Kabuli Chana (Chickpeas-White),7396.0
Bihar,Karbuja (Musk Melon),1390.32
Bihar,Kinnow,8222.22
Bihar,Leafy Vegetable,1630.95
Bihar,Lemon,6877.78
Bihar,Lentil (Masur)(Whole),6905.6
Bihar,Linseed,7875.0
Bihar,Litchi,6192.31
Bihar,Little Gourd (Kundru),1226.79
Bihar,Long Melon (Kakri),710.23
Bihar,Maize,2100.62
Bihar,Mango,6008.14
Bihar,Masur Dal,7222.86
Bihar,Methi (Leaves),1700.0
Bihar,Mint (Pudina),8400.0
Bihar,Mousambi (Sweet Lime),4496.32
Bihar,Mustard,6887.44
Bihar,Mustard Oil,11004.12
Bihar,Onion,2414.33
Bihar,Onion Green,1900.0
Bihar,Orange,5695.39
Bihar,Paddy (Common),2370.0
Bihar,Paddy (Dhan)(Basmati),2735.71
Bihar,Paddy (Dhan)(Common),2059.78
Bihar,Papaya,3392.02
Bihar,Papaya (Raw),2130.56
Bihar,Peach,6738.46
Bihar,Peas Cod,2963.33
Bihar,Peas Wet,2244.58
Bihar,Pineapple,2731.03
Bihar,Plum,3300.0
Bihar,Pointed Gourd (Parval),2864.89
Bihar,Pomegranate,9319.34
Bihar,Potato,1535.8
Bihar,Pumpkin,1656.36
Bihar,Raddish,1462.77
Bihar,Red Gram,6724.06
Bihar,Rice,3074.7
Bihar,Ridgeguard (Tori),2053.33
Bihar,Round Gourd,2742.86
Bihar,Seetapal,2437.5
Bihar,Snakeguard,2316.67
Bihar,Spinach,1414.0
Bihar,Sponge Gourd,1400.36
Bihar,Sweet Potato,1259.09
Bihar,Sweet Pumpkin,1200.0
Bihar,Tea,27000.0
Bihar,Tinda,2600.0
Bihar,Tomato,2220.63
Bihar,Toria,7438.89
Bihar,Turnip,2500.0
Bihar,Water Melon,1677.47
Bihar,Wheat,2412.39
Bihar,White Pumpkin,1600.0
Chandigarh,Apple,9163.33
Chandigarh,Bhindi (Ladies Finger),7000.0
Chandigarh,Bitter Gourd,3500.0
Chandigarh,Bottle Gourd,1436.18
Chandigarh,Brinjal,1800.0
Chandigarh,Cabbage,1033.33
Chandigarh,Capsicum,5000.0
Chandigarh,Carrot,1733.33
Chandigarh,Cauliflower,2022.79
Chandigarh,Cucumbar (Kheera),1770.98
Chandigarh,Ginger (Green),5182.44
Chandigarh,Grapes,6137.61
Chandigarh,Green Chilli,2639.47
Chandigarh,Lemon,4430.74
Chandigarh,Mango,5431.75
Chandigarh,Mousambi (Sweet Lime),3961.8
Chandigarh,Onion,1912.02
Chandigarh,Paddy (Dhan)(Common),2222.5
Chandigarh,Peas Wet,4880.61
Chandigarh,Plum,5089.29
Chandigarh,Pomegranate,10787.0
Chandigarh,Potato,1071.02
Chandigarh,Pumpkin,1079.37
Chandigarh,Tomato,1991.04
Chandigarh,Water Melon,758.33
Chattisgarh,Alasande Gram,2671.25
Chattisgarh,Amaranthus,1958.18
Chattisgarh,Ambada Seed,1643.48
Chattisgarh,Ambady/Mesta,5550.38
Chattisgarh,Amla (Nelli Kai),6360.0
Chattisgarh,Antawala,2128.0
Chattisgarh,Apple,11633.05
Chattisgarh,Arhar (Tur/Red Gram)(Whole),7340.78
Chattisgarh,Arhar Dal (Tur Dal),6690.78
Chattisgarh,Ashgourd,3178.64
Chattisgarh,Bamboo,302.62
Chattisgarh,Banana,3078.59
Chattisgarh,Banana - Green,1436.91
Chattisgarh,Barley (Jau),1182.62
Chattisgarh,Beans,4730.87
Chattisgarh,Beetroot,2716.46
Chattisgarh,Bengal Gram (Gram)(Whole),4957.78
Chattisgarh,Bengal Gram Dal (Chana Dal),2500.0
Chattisgarh,Ber (Zizyphus/Borehannu),4750.0
Chattisgarh,Bhindi (Ladies Finger),2713.71
Chattisgarh,Bitter Gourd,3099.22
Chattisgarh,Black Gram (Urd Beans)(Whole),5891.51
Chattisgarh,Black Gram Dal (Urd Dal),5647.0
Chattisgarh,Bottle Gourd,1020.74
Chattisgarh,Brinjal,1479.82
Chattisgarh,Butter,4250.46
Chattisgarh,Buttery,2250.0
Chattisgarh,Cabbage,1318.92
Chattisgarh,Capsicum,3203.8
Chattisgarh,Carrot,2418.16
Chattisgarh,Cauliflower,2421.42
Chattisgarh,Chikoos (Sapota),4825.82
Chattisgarh,Chili Red,590.91
Chattisgarh,Chilly Capsicum,3739.38
Chattisgarh,Cluster Beans,2306.86
Chattisgarh,Coriander (Leaves),5832.85
Chattisgarh,Corriander Seed,5989.3
Chattisgarh,Cowpea (Lobia/Karamani),2000.0
Chattisgarh,Cowpea (Veg),1716.82
Chattisgarh,Cucumbar (Kheera),1552.48
Chattisgarh,Cummin Seed (Jeera),10000.0
Chattisgarh,Custard Apple (Sharifa),4911.32
Chattisgarh,Drumstick,3578.91
Chattisgarh,Dry Chillies,7604.93
Chattisgarh,Garlic,11395.65
Chattisgarh,Ginger (Dry),3500.0
Chattisgarh,Ginger (Green),6656.25
Chattisgarh,Grapes,7547.17
Chattisgarh,Green Chilli,3311.89
Chattisgarh,Green Gram (Moong)(Whole),5656.76
Chattisgarh,Green Peas,4270.69
Chattisgarh,Ground Nut Seed,4000.0
Chattisgarh,Groundnut,4816.52
Chattisgarh,Guar,4120.85
Chattisgarh,Guar Seed (Cluster Beans Seed),3067.68
Chattisgarh,Guava,3356.92
Chattisgarh,Hippe Seed,11312.5
Chattisgarh,Jack Fruit,1566.41
Chattisgarh,Jamun (Narale Hannu),2945.45
Chattisgarh,Jowar (Sorghum),2601.0
Chattisgarh,Karbuja (Musk Melon),2431.68
Chattisgarh,Knool Khol,1655.64
Chattisgarh,Kodo Millet (Varagu),2452.19
Chattisgarh,Kulthi (Horse Gram),4083.33
Chattisgarh,Lak (Teora),3668.3
Chattisgarh,Lemon,4959.31
Chattisgarh,Lentil (Masur)(Whole),5544.88
Chattisgarh,Linseed,5397.56
Chattisgarh,Little Gourd (Kundru),2040.89
Chattisgarh,Mahua,2695.19
Chattisgarh,Mahua Seed (Hippe Seed),2824.1
Chattisgarh,Maize,1831.91
Chattisgarh,Mango,6472.85
Chattisgarh,Masur Dal,5075.08
Chattisgarh,Methi (Leaves),2832.18
Chattisgarh,Methi Seeds,4405.25
Chattisgarh,Millets,3023.52
Chattisgarh,Mousambi (Sweet Lime),5809.61
Chattisgarh,Muleti,4101.0
Chattisgarh,Mustard,5152.0
Chattisgarh,Myrobolan (Harad),115.91
Chattisgarh,Niger Seed (Ramtil),5956.88
Chattisgarh,Onion,2107.86
Chattisgarh,Orange,4233.69
Chattisgarh,Paddy (Common),2192.77
Chattisgarh,Paddy (Dhan)(Basmati),1975.0
Chattisgarh,Paddy (Dhan)(Common),1775.24
Chattisgarh,Papaya,2079.09
Chattisgarh,Papaya (Raw),2443.5
Chattisgarh,Pear (Marasebu),4673.02
Chattisgarh,Peas (Dry),4492.93
Chattisgarh,Peas Wet,2520.43
Chattisgarh,Pointed Gourd (Parval),3006.84
Chattisgarh,Pomegranate,11534.57
Chattisgarh,Potato,1706.04
Chattisgarh,Pumpkin,1172.76
Chattisgarh,Raddish,1214.82
Chattisgarh,Ragi (Finger Millet),2802.02
Chattisgarh,Red Gram,5442.31
Chattisgarh,Ridgeguard (Tori),1829.45
Chattisgarh,Safflower,2195.0
Chattisgarh,Same/Savi,1946.02
Chattisgarh,"Sesamum (Sesame,Gingelly,Til)",5561.67
Chattisgarh,Soyabean,4671.71
Chattisgarh,Spinach,1641.98
Chattisgarh,Squash (Chappal Kadoo),1400.0
Chattisgarh,Sugarcane,298.12
Chattisgarh,Sunflower,4000.0
Chattisgarh,Sweet Potato,2157.86
Chattisgarh,Tamarind Fruit,3261.99
Chattisgarh,Tamarind Seed,3036.1
Chattisgarh,Tinda,2057.5
Chattisgarh,Tobacco,6937.21
Chattisgarh,Tomato,1918.84
Chattisgarh,Toria,1400.0
Chattisgarh,Turmeric,6009.73
Chattisgarh,Water Melon,1259.08
Chattisgarh,Wheat,2098.04
Chattisgarh,White Muesli,6933.33
Chattisgarh,White Peas,3791.5
Chattisgarh,Yam,2859.43
Goa,Apple,7288.97
Goa,Arecanut (Betelnut/Supari),34990.23
Goa,Banana,3135.08
Goa,Brinjal,2645.48
Goa,Cashewnuts,12936.02
Goa,Chikoos (Sapota),5000.0
Goa,Coconut,6919.39
Goa,Copra,9478.47
Goa,Grapes,4093.64
Goa,Green Chilli,4018.01
Goa,Mango,2498.0
Goa,Marigold (Loose),5004.37
Goa,Mousambi (Sweet Lime),5111.36
Goa,Onion,1846.35
Goa,Orange,3838.78
Goa,Papaya,1366.38
Goa,Pineapple,1484.96
Goa,Potato,1738.8
Goa,Rose (Loose)),4993.24
Goa,Sweet Potato,1000.0
Goa,Water Melon,2253.27
Gujarat,Ajwan,10833.9
Gujarat,Alasande Gram,9683.08
Gujarat,Amaranthus,1653.35
Gujarat,Ambada Seed,4320.67
Gujarat,Amla (Nelli Kai),2770.95
Gujarat,Apple,9134.15
Gujarat,Arhar (Tur/Red Gram)(Whole),6886.93
Gujarat,Arhar Dal (Tur Dal),7249.88
Gujarat,Asalia,7599.84
Gujarat,Bajra (Pearl Millet/Cumbu),2104.81
Gujarat,Banana,2153.24
Gujarat,Banana - Green,1227.96
Gujarat,Barley (Jau),2287.76
Gujarat,Beans,7403.5
Gujarat,Beetroot,1648.31
Gujarat,Bengal Gram (Gram)(Whole),5223.85
Gujarat,Ber (Zizyphus/Borehannu),2008.97
Gujarat,Bhindi (Ladies Finger),3120.08
Gujarat,Bitter Gourd,2812.06
Gujarat,Black Gram (Urd Beans)(Whole),6703.44
Gujarat,Black Gram Dal (Urd Dal),5932.34
Gujarat,Bottle Gourd,1432.2
Gujarat,Brinjal,2082.01
Gujarat,Cabbage,1283.83
Gujarat,Capsicum,3570.82
Gujarat,Carrot,1836.85
Gujarat,Castor Seed,5918.23
Gujarat,Cauliflower,2166.87
Gujarat,Chikoos (Sapota),2991.9
Gujarat,Chili Red,9247.09
Gujarat,Cluster Beans,5095.9
Gujarat,Coconut Seed,277.95
Gujarat,Colacasia,3323.49
Gujarat,Coriander (Leaves),3188.73
Gujarat,Corriander Seed,6893.07
Gujarat,Cotton,7305.9
Gujarat,Cotton Seed,7784.89
Gujarat,Cowpea (Lobia/Karamani),6772.1
Gujarat,Cowpea (Veg),4950.78
Gujarat,Cucumbar (Kheera),2083.42
Gujarat,Cummin Seed (Jeera),21725.49
Gujarat,Drumstick,4112.66
Gujarat,Dry Chillies,14791.7
Gujarat,Elephant Yam (Suran),3417.05
Gujarat,Elephant Yam (Suran)/Amorphophallus,2900.0
Gujarat,Field Pea,2538.46
Gujarat,Foxtail Millet (Navane),2308.89
Gujarat,French Beans (Frasbean),4659.92
Gujarat,Garlic,8529.29
Gujarat,Ginger (Green),4675.77
Gujarat,Gram Raw (Chholia),4762.38
Gujarat,Grapes,5751.68
Gujarat,Green Chilli,3130.08
Gujarat,Green Gram (Moong)(Whole),6997.28
Gujarat,Green Gram Dal (Moong Dal),6955.75
Gujarat,Green Peas,3687.66
Gujarat,Ground Nut Seed,6350.34
Gujarat,Groundnut,5750.74
Gujarat,Groundnut (Split),6748.46
Gujarat,Groundnut Pods (Raw),4130.64
Gujarat,Guar,5168.31
Gujarat,Guar Seed (Cluster Beans Seed),4775.12
Gujarat,Guava,3388.16
Gujarat,Indian Beans (Seam),3663.27
Gujarat,Isabgul (Psyllium),12799.65
Gujarat,Jamun (Narale Hannu),7000.0
Gujarat,Jowar (Sorghum),3278.12
Gujarat,Jute,2450.0
Gujarat,Kabuli Chana (Chickpeas-White),5661.18
Gujarat,Karbuja (Musk Melon),1626.75
Gujarat,Kartali (Kantola),8495.99
Gujarat,Kodo Millet (Varagu),5250.0
Gujarat,Kulthi (Horse Gram),4813.86
Gujarat,Lak (Teora),7717.42
Gujarat,Leafy Vegetable,3550.45
Gujarat,Lemon,4579.5
Gujarat,Lentil (Masur)(Whole),6673.75
Gujarat,Little Gourd (Kundru),3388.45
Gujarat,Long Melon (Kakri),1885.81
Gujarat,Maize,2160.22
Gujarat,Mango,4505.79
Gujarat,Mango (Raw-Ripe),5258.48
Gujarat,Mataki,5558.15
Gujarat,Methi (Leaves),2899.09
Gujarat,Methi Seeds,5243.92
Gujarat,Millets,2386.36
Gujarat,Mint (Pudina),3332.66
Gujarat,Moath Dal,7018.48
Gujarat,Mousambi (Sweet Lime),3946.35
Gujarat,Mustard,5492.57
Gujarat,Mustard Oil,6310.0
Gujarat,Onion,1721.54
Gujarat,Onion Green,2075.22
Gujarat,Orange,6225.23
Gujarat,Paddy (Common),2015.5
Gujarat,Paddy (Dhan)(Basmati),1948.18
Gujarat,Paddy (Dhan)(Common),1877.24
Gujarat,Papaya,2125.76
Gujarat,Papaya (Raw),1089.86
Gujarat,Peas (Dry),4439.11
Gujarat,Peas Cod,5683.43
Gujarat,Peas Wet,6781.56
Gujarat,Pegeon Pea (Arhar Fali),5760.11
Gujarat,Pineapple,5235.14
Gujarat,Pointed Gourd (Parval),4100.63
Gujarat,Pomegranate,7579.68
Gujarat,Potato,1524.04
Gujarat,Pumpkin,1115.35
Gujarat,Raddish,1158.73
Gujarat,Rajgir,6180.23
Gujarat,Rat Tail Radish (Mogari),4703.21
Gujarat,Raya,5389.49
Gujarat,Red Gram,4648.57
Gujarat,Rice,4056.26
Gujarat,Ridgeguard (Tori),2914.61
Gujarat,Round Gourd,2499.91
Gujarat,Sabu Dan,5650.0
Gujarat,Seetapal,3711.54
Gujarat,"Sesamum (Sesame,Gingelly,Til)",11286.98
Gujarat,Snakeguard,1797.47
Gujarat,Soanf,9837.8
Gujarat,Soyabean,4597.91
Gujarat,Spinach,1621.36
Gujarat,Sponge Gourd,1978.27
Gujarat,Sunflower,3610.0
Gujarat,Sunhemp,6995.0
Gujarat,Surat Beans (Papadi),5101.56
Gujarat,Suva (Dill Seed),8134.0
Gujarat,Sweet Potato,2281.37
Gujarat,Tamarind Fruit,3437.86
Gujarat,Taramira,4431.9
Gujarat,Tinda,3639.45
Gujarat,Tobacco,7727.73
Gujarat,Tomato,2134.95
Gujarat,Turmeric (Raw),4407.68
Gujarat,Turnip,2190.91
Gujarat,Water Melon,1125.33
Gujarat,Wheat,2409.67
Gujarat,White Peas,9544.98
Gujarat,Yam (Ratalu),6091.75
Haryana,Almond (Badam),6000.0
Haryana,Alsandikai,800.0
Haryana,Amla (Nelli Kai),1790.83
Haryana,Apple,7443.26
Haryana,Apricot (Jardalu/Khumani),9661.35
Haryana,Ashgourd,1157.14
Haryana,Bajra (Pearl Millet/Cumbu),2236.1
Haryana,Banana,2399.57
Haryana,Banana - Green,2038.18
Haryana,Barley (Jau),1926.18
Haryana,Beetroot,1879.63
Haryana,Bengal Gram (Gram)(Whole),5436.36
Haryana,Bengal Gram Dal (Chana Dal),4710.0
Haryana,Ber (Zizyphus/Borehannu),2305.06
Haryana,Bhindi (Ladies Finger),2398.67
Haryana,Binoula,5000.0
Haryana,Bitter Gourd,2052.91
Haryana,Black Gram (Urd Beans)(Whole),6500.0
Haryana,Bottle Gourd,1266.18
Haryana,Brinjal,1410.18
Haryana,Cabbage,1246.77
Haryana,Capsicum,2899.34
Haryana,Carrot,1316.39
Haryana,Cauliflower,1795.57
Haryana,Chapparad Avare,1700.0
Haryana,Cherry,16317.0
Haryana,Chikoos (Sapota),3354.91
Haryana,Chili Red,5197.6
Haryana,Chilly Capsicum,4500.0
Haryana,Cluster Beans,4054.88
Haryana,Colacasia,2266.99
Haryana,Coriander (Leaves),2059.98
Haryana,Cotton,7309.1
Haryana,Cotton Seed,6600.0
Haryana,Cucumbar (Kheera),1585.01
Haryana,Drumstick,1350.0
Haryana,Dry Fodder,713.5
Haryana,Duster Beans,1000.0
Haryana,Elephant Yam (Suran),2777.36
Haryana,Elephant Yam (Suran)/Amorphophallus,3000.0
Haryana,French Beans (Frasbean),2919.72
Haryana,Galgal (Lemon),1950.0
Haryana,Garlic,7756.69
Haryana,Ginger (Dry),4765.32
Haryana,Ginger (Green),5716.59
Haryana,Gram Raw (Chholia),1191.3
Haryana,Grapes,6091.37
Haryana,Green Chilli,2897.48
Haryana,Green Fodder,236.98
Haryana,Green Gram (Moong)(Whole),6053.25
Haryana,Green Gram Dal (Moong Dal),5605.79
Haryana,Green Peas,3300.48
Haryana,Groundnut,4783.29
Haryana,Guar,4704.19
Haryana,Guar Seed (Cluster Beans Seed),5192.92
Haryana,Guava,2808.48
Haryana,Indian Beans (Seam),2850.0
Haryana,Indian Colza (Sarson),2663.04
Haryana,Jack Fruit,1814.71
Haryana,Jamun (Narale Hannu),5545.0
Haryana,Jowar (Sorghum),5400.0
Haryana,Karbuja (Musk Melon),1672.15
Haryana,Kinnow,2189.6
Haryana,Leafy Vegetable,1239.49
Haryana,Lemon,4850.69
Haryana,Lime,3586.84
Haryana,Litchi,7067.89
Haryana,Little Gourd (Kundru),1684.09
Haryana,Long Melon (Kakri),1291.1
Haryana,Maize,1830.05
Haryana,Mango,4330.12
Haryana,Mango (Raw-Ripe),2136.71
Haryana,Mashrooms,8750.39
Haryana,Methi (Leaves),1281.42
Haryana,Methi Seeds,1000.0
Haryana,Mint (Pudina),3313.81
Haryana,Mousambi (Sweet Lime),3347.19
Haryana,Mustard,5611.67
Haryana,Onion,1910.41
Haryana,Onion Green,1418.55
Haryana,Orange,4469.59
Haryana,Paddy (Basmati),3881.79
Haryana,Paddy (Common),3555.67
Haryana,Paddy (Dhan)(Basmati),3538.32
Haryana,Paddy (Dhan)(Common),2653.74
Haryana,Papaya,2822.33
Haryana,Papaya (Raw),2664.71
Haryana,Peach,3239.73
Haryana,Pear (Marasebu),3094.5
Haryana,Peas (Dry),8418.64
Haryana,Peas Cod,4487.11
Haryana,Peas Wet,3602.02
Haryana,Pineapple,3589.88
Haryana,Plum,5003.7
Haryana,Pointed Gourd (Parval),2269.12
Haryana,Pomegranate,7796.98
Haryana,Potato,1129.26
Haryana,Pumpkin,1022.25
Haryana,Raddish,886.65
Haryana,Ridgeguard (Tori),1898.47
Haryana,Round Gourd,1149.02
Haryana,Safflower,5302.94
Haryana,Season Leaves,1061.54
Haryana,Seetapal,3000.0
Haryana,Spinach,1097.61
Haryana,Sponge Gourd,1835.08
Haryana,Squash (Chappal Kadoo),1101.99
Haryana,Sunflower,6380.75
Haryana,Sweet Potato,2308.63
Haryana,Tamarind Fruit,23760.0
Haryana,Tender Coconut,3309.38
Haryana,Tinda,2042.29
Haryana,Tomato,2029.15
Haryana,Toria,5905.22
Haryana,Turnip,838.36
Haryana,Water Melon,1434.78
Haryana,Wheat,2243.56
Haryana,Yam (Ratalu),3131.33
Himachal Pradesh,Almond (Badam),12000.0
Himachal Pradesh,Amla (Nelli Kai),4375.0
Himachal Pradesh,Apple,9230.38
Himachal Pradesh,Apricot (Jardalu/Khumani),5381.99
Himachal Pradesh,Banana,4619.57
Himachal Pradesh,Beetroot,3603.98
Himachal Pradesh,Ber (Zizyphus/Borehannu),4162.6
Himachal Pradesh,Bhindi (Ladies Finger),4255.01
Himachal Pradesh,Bitter Gourd,4703.56
Himachal Pradesh,Bottle Gourd,2465.04
Himachal Pradesh,Brinjal,2373.66
Himachal Pradesh,Cabbage,1688.45
Himachal Pradesh,Capsicum,4639.89
Himachal Pradesh,Carrot,2969.97
Himachal Pradesh,Cauliflower,2762.0
Himachal Pradesh,Cherry,14576.03
Himachal Pradesh,Chikoos (Sapota),5741.8
Himachal Pradesh,Coconut,5852.94
Himachal Pradesh,Colacasia,3551.37
Himachal Pradesh,Coriander (Leaves),5960.48
Himachal Pradesh,Cucumbar (Kheera),2529.29
Himachal Pradesh,Elephant Yam (Suran),5161.62
Himachal Pradesh,Elephant Yam (Suran)/Amorphophallus,4860.0
Himachal Pradesh,French Beans (Frasbean),4900.21
Himachal Pradesh,Galgal (Lemon),6428.57
Himachal Pradesh,Garlic,11950.36
Himachal Pradesh,Ginger (Dry),8890.36
Himachal Pradesh,Ginger (Green),7871.59
Himachal Pradesh,Grapes,8518.93
Himachal Pradesh,Green Chilli,4670.8
Himachal Pradesh,Guava,7935.81
Himachal Pradesh,Indian Beans (Seam),4031.25
Himachal Pradesh,Indian Colza (Sarson),2481.57
Himachal Pradesh,Jack Fruit,8228.88
Himachal Pradesh,Jamun (Narale Hannu),10514.71
Himachal Pradesh,Karbuja (Musk Melon),3004.69
Himachal Pradesh,Kinnow,5432.5
Himachal Pradesh,Leafy Vegetable,1477.8
Himachal Pradesh,Lemon,7112.79
Himachal Pradesh,Lime,7864.29
Himachal Pradesh,Litchi,11136.4
Himachal Pradesh,Mango,6437.94
Himachal Pradesh,Mango (Raw-Ripe),6396.89
Himachal Pradesh,Mashrooms,10833.08
Himachal Pradesh,Methi (Leaves),3156.75
Himachal Pradesh,Mint (Pudina),6600.0
Himachal Pradesh,Mousambi (Sweet Lime),5695.8
Himachal Pradesh,Onion,2668.42
Himachal Pradesh,Onion Green,3079.65
Himachal Pradesh,Orange,6721.05
Himachal Pradesh,Papaya,4008.78
Himachal Pradesh,Papaya (Raw),4400.0
Himachal Pradesh,Peach,4601.69
Himachal Pradesh,Pear (Marasebu),5153.15
Himachal Pradesh,Peas Cod,5669.62
Himachal Pradesh,Peas Wet,5846.59
Himachal Pradesh,Persimon (Japani Fal),7596.93
Himachal Pradesh,Pineapple,4642.25
Himachal Pradesh,Plum,5622.59
Himachal Pradesh,Pomegranate,10962.32
Himachal Pradesh,Potato,1634.49
Himachal Pradesh,Pumpkin,1872.84
Himachal Pradesh,Raddish,1553.81
Himachal Pradesh,Ridgeguard (Tori),7226.19
Himachal Pradesh,Season Leaves,1292.07
Himachal Pradesh,Snakeguard,2142.86
Himachal Pradesh,Spinach,2213.14
Himachal Pradesh,Sponge Gourd,3032.48
Himachal Pradesh,Squash (Chappal Kadoo),1936.29
Himachal Pradesh,Suram,3044.64
Himachal Pradesh,Sweet Potato,3500.0
Himachal Pradesh,Tender Coconut,6000.0
Himachal Pradesh,Tinda,3929.01
Himachal Pradesh,Tomato,2771.83
Himachal Pradesh,Turnip,1555.38
Himachal Pradesh,Water Melon,2214.59
Himachal Pradesh,White Pumpkin,2700.0
Jammu And Kashmir,Amla (Nelli Kai),2096.76
Jammu And Kashmir,Apple,5113.28
Jammu And Kashmir,Apricot (Jardalu/Khumani),4843.09
Jammu And Kashmir,Banana,3723.69
Jammu And Kashmir,Beetroot,2267.69
Jammu And Kashmir,Bhindi (Ladies Finger),3794.27
Jammu And Kashmir,Bitter Gourd,3776.12
Jammu And Kashmir,Bottle Gourd,2131.03
Jammu And Kashmir,Brinjal,2129.1
Jammu And Kashmir,Cabbage,1565.75
Jammu And Kashmir,Capsicum,3783.45
Jammu And Kashmir,Carrot,2126.81
Jammu And Kashmir,Cauliflower,2407.85
Jammu And Kashmir,Cherry,12103.23
Jammu And Kashmir,Chikoos (Sapota),5485.82
Jammu And Kashmir,Coconut,5600.0
Jammu And Kashmir,Colacasia,3191.2
Jammu And Kashmir,Coriander (Leaves),4704.47
Jammu And Kashmir,Cucumbar (Kheera),2272.75
Jammu And Kashmir,Drumstick,4500.0
Jammu And Kashmir,Elephant Yam (Suran),100.0
Jammu And Kashmir,Field Pea,4705.28
Jammu And Kashmir,French Beans (Frasbean),4798.7
Jammu And Kashmir,Galgal (Lemon),1875.0
Jammu And Kashmir,Garlic,11788.98
Jammu And Kashmir,Ginger (Dry),6377.27
Jammu And Kashmir,Ginger (Green),7056.44
Jammu And Kashmir,Grapes,8567.54
Jammu And Kashmir,Green Chilli,3828.24
Jammu And Kashmir,Guava,5015.17
Jammu And Kashmir,Indian Beans (Seam),4422.7
Jammu And Kashmir,Indian Colza (Sarson),1319.23
Jammu And Kashmir,Jamun (Narale Hannu),8500.0
Jammu And Kashmir,Karbuja (Musk Melon),3040.18
Jammu And Kashmir,Kinnow,3277.93
Jammu And Kashmir,Knool Khol,1732.03
Jammu And Kashmir,Leafy Vegetable,1600.0
Jammu And Kashmir,Lemon,6261.57
Jammu And Kashmir,Lime,4200.0
Jammu And Kashmir,Litchi,8898.81
Jammu And Kashmir,Little Gourd (Kundru),2181.5
Jammu And Kashmir,Lotus Sticks,5661.0
Jammu And Kashmir,Mango,5625.39
Jammu And Kashmir,Marasebu,3872.73
Jammu And Kashmir,Marigold (Loose),3500.0
Jammu And Kashmir,Mashrooms,12198.4
Jammu And Kashmir,Methi (Leaves),4133.33
Jammu And Kashmir,Mint (Pudina),17500.0
Jammu And Kashmir,Mousambi (Sweet Lime),5282.63
Jammu And Kashmir,Onion,2667.08
Jammu And Kashmir,Orange,5467.28
Jammu And Kashmir,Papaya,3803.96
Jammu And Kashmir,Peach,4223.04
Jammu And Kashmir,Pear (Marasebu),4009.48
Jammu And Kashmir,Peas Cod,3866.34
Jammu And Kashmir,Peas Wet,4504.42
Jammu And Kashmir,Pineapple,5389.3
Jammu And Kashmir,Plum,4992.12
Jammu And Kashmir,Pointed Gourd (Parval),3164.93
Jammu And Kashmir,Pomegranate,10351.99
Jammu And Kashmir,Potato,1544.1
Jammu And Kashmir,Pumpkin,1395.04
Jammu And Kashmir,Raddish,1451.87
Jammu And Kashmir,Ridgeguard (Tori),2097.98
Jammu And Kashmir,Round Gourd,2270.47
Jammu And Kashmir,Season Leaves,2908.33
Jammu And Kashmir,Spinach,2063.21
Jammu And Kashmir,Sponge Gourd,1925.41
Jammu And Kashmir,Squash (Chappal Kadoo),1100.0
Jammu And Kashmir,Sweet Potato,2677.78
Jammu And Kashmir,Tender Coconut,4897.03
Jammu And Kashmir,Tinda,1993.41
Jammu And Kashmir,Tomato,2828.97
Jammu And Kashmir,Turmeric,2300.0
Jammu And Kashmir,Turnip,1243.9
Jammu And Kashmir,Walnut,36007.14
Jammu And Kashmir,Water Melon,2011.31
Jharkhand,Arhar (Tur/Red Gram)(Whole),9803.57
Jharkhand,Bhindi (Ladies Finger),1115.38
Jharkhand,Bitter Gourd,2112.5
Jharkhand,Brinjal,1772.76
Jharkhand,Cabbage,1232.1
Jharkhand,Capsicum,3930.36
Jharkhand,Carrot,850.0
Jharkhand,Cauliflower,2150.0
Jharkhand,Cucumbar (Kheera),1571.43
Jharkhand,Dalda,10117.86
Jharkhand,Green Chilli,5779.23
Jharkhand,Green Peas,2666.67
Jharkhand,Jack Fruit,808.33
Jharkhand,Little Gourd (Kundru),975.0
Jharkhand,Mahua,5582.46
Jharkhand,Maize,1700.0
Jharkhand,Mango,1350.0
Jharkhand,Mustard Oil,15412.5
Jharkhand,Onion,2689.49
Jharkhand,Paddy (Dhan)(Common),1752.41
Jharkhand,Pointed Gourd (Parval),2091.67
Jharkhand,Potato,1617.69
Jharkhand,Pumpkin,1451.23
Jharkhand,Raddish,1400.43
Jharkhand,Rice,2413.86
Jharkhand,Spinach,1456.25
Jharkhand,Sugar,3867.86
Jharkhand,Tomato,1017.78
Jharkhand,Water Melon,655.0
Jharkhand,Wheat,2274.64
Jharkhand,Wheat Atta,2475.89
Jharkhand,White Peas,7614.29
Karnataka,Alasande Gram,6563.01
Karnataka,Alsandikai,3607.37
Karnataka,Antawala,4128.79
Karnataka,Apple,9891.54
Karnataka,Arecanut (Betelnut/Supari),36881.66
Karnataka,Arhar (Tur/Red Gram)(Whole),6725.68
Karnataka,Arhar Dal (Tur Dal),11707.92
Karnataka,Ashgourd,907.9
Karnataka,Avare Dal,8319.51
Karnataka,Bajra (Pearl Millet/Cumbu),2054.95
Karnataka,Banana,2420.08
Karnataka,Banana - Green,2955.47
Karnataka,Beans,3709.43
Karnataka,Beetroot,1913.07
Karnataka,Bengal Gram (Gram)(Whole),5359.28
Karnataka,Bengal Gram Dal (Chana Dal),7050.12
Karnataka,Betal Leaves,4795.25
Karnataka,Bhindi (Ladies Finger),2291.99
Karnataka,Bitter Gourd,2736.28
Karnataka,Black Gram (Urd Beans)(Whole),6768.41
Karnataka,Black Gram Dal (Urd Dal),11417.24
Karnataka,Black Pepper,47161.64
Karnataka,Borehannu,2088.89
Karnataka,Bottle Gourd,1517.49
Karnataka,Brinjal,1680.86
Karnataka,Bull,31114.41
Karnataka,Bullar,11550.0
Karnataka,Bunch Beans,3124.0
Karnataka,Cabbage,1132.74
Karnataka,Calf,15419.12
Karnataka,Capsicum,3499.72
Karnataka,Carrot,2925.43
Karnataka,Cashewnuts,10377.09
Karnataka,Castor Seed,5431.72
Karnataka,Cauliflower,1752.17
Karnataka,Chapparad Avare,3064.12
Karnataka,Chennangi Dal,8087.74
Karnataka,Chikoos (Sapota),2812.38
Karnataka,Chili Red,14771.05
Karnataka,Chilly Capsicum,2826.6
Karnataka,Chrysanthemum (Loose),7793.5
Karnataka,Coconut,15312.81
Karnataka,Copra,11824.72
Karnataka,Coriander (Leaves),7926.61
Karnataka,Corriander Seed,9605.58
Karnataka,Cotton,7553.34
Karnataka,Cotton Seed,3612.0
Karnataka,Cow,47219.0
Karnataka,Cowpea (Lobia/Karamani),6412.94
Karnataka,Cowpea (Veg),2467.44
Karnataka,Cucumbar (Kheera),1220.42
Karnataka,Cummin Seed (Jeera),8766.81
Karnataka,Drumstick,5481.38
Karnataka,Dry Chillies,20212.67
Karnataka,Dry Grapes,23455.29
Karnataka,Duster Beans,2719.0
Karnataka,Elephant Yam (Suran),2563.65
Karnataka,Elephant Yam (Suran)/Amorphophallus,2750.0
Karnataka,Foxtail Millet (Navane),3489.63
Karnataka,Garlic,8156.51
Karnataka,Ginger (Dry),8535.53
Karnataka,Ginger (Green),4272.11
Karnataka,Goat,9040.11
Karnataka,Grapes,4022.57
Karnataka,Green Avare (W),3235.63
Karnataka,Green Chilli,3269.8
Karnataka,Green Gram (Moong)(Whole),7177.79
Karnataka,Green Gram Dal (Moong Dal),9903.47
Karnataka,Green Peas,9375.68
Karnataka,Ground Nut Seed,11082.56
Karnataka,Groundnut,5465.43
Karnataka,Guava,2169.71
Karnataka,Gur (Jaggery),3740.31
Karnataka,Gurellu,6828.79
Karnataka,He Buffalo,14046.27
Karnataka,Hippe Seed,2200.0
Karnataka,Honge Seed,3759.87
Karnataka,Jack Fruit,1966.57
Karnataka,Jaggery,4086.75
Karnataka,Jowar (Sorghum),2738.19
Karnataka,Karbuja (Musk Melon),1964.97
Karnataka,Knool Khol,2046.51
Karnataka,Kulthi (Horse Gram),4879.56
Karnataka,Ladies Finger,2756.15
Karnataka,Leafy Vegetable,3137.78
Karnataka,Lime,3412.69
Karnataka,Linseed,6612.17
Karnataka,Lint,12415.15
Karnataka,Maize,2018.23
Karnataka,Mango,3280.41
Karnataka,Mango (Raw-Ripe),2390.0
Karnataka,Maragensu,1900.0
Karnataka,Marasebu,3000.0
Karnataka,Marigold (Calcutta),4322.5
Karnataka,Mataki,6925.51
Karnataka,Methi (Leaves),6946.5
Karnataka,Methi Seeds,8320.19
Karnataka,Millets,4815.0
Karnataka,Moath Dal,9047.75
Karnataka,Mousambi (Sweet Lime),4379.08
Karnataka,Mustard,7386.27
Karnataka,Neem Seed,4233.61
Karnataka,Niger Seed (Ramtil),8678.75
Karnataka,Onion,1966.15
Karnataka,Orange,4662.7
Karnataka,Ox,43037.35
Karnataka,Paddy (Common),2382.91
Karnataka,Paddy (Dhan)(Common),2182.03
Karnataka,Papaya,1662.18
Karnataka,Peas Wet,8367.71
Karnataka,Pineapple,2300.64
Karnataka,Pomegranate,8526.93
Karnataka,Potato,1947.25
Karnataka,Raddish,1550.15
Karnataka,Ragi (Finger Millet),2718.09
Karnataka,Ram,9914.29
Karnataka,Rice,3796.46
Karnataka,Ridgeguard (Tori),2417.59
Karnataka,Rose (Loose)),6045.33
Karnataka,Safflower,4618.02
Karnataka,Sajje,1925.08
Karnataka,Same/Savi,3622.19
Karnataka,Seemebadnekai,1744.5
Karnataka,Seetapal,2456.67
Karnataka,"Sesamum (Sesame,Gingelly,Til)",11070.07
Karnataka,She Buffalo,43396.41
Karnataka,She Goat,10016.95
Karnataka,Sheep,9736.17
Karnataka,Snakeguard,1731.47
Karnataka,Soapnut (Antawala/Retha),7433.05
Karnataka,Soyabean,5072.72
Karnataka,Sunflower,5362.59
Karnataka,Suvarna Gadde,2951.23
Karnataka,Sweet Potato,1982.48
Karnataka,Sweet Pumpkin,949.41
Karnataka,T.V. Cumbu,5475.0
Karnataka,Tamarind Fruit,8563.63
Karnataka,Tamarind Seed,2148.9
Karnataka,Tender Coconut,14298.64
Karnataka,Thogrikai,4033.35
Karnataka,Thondekai,2655.48
Karnataka,Tomato,1777.45
Karnataka,Turmeric,12194.09
Karnataka,Water Melon,1488.04
Karnataka,Wheat,2889.83
Karnataka,White Pumpkin,1357.97
Karnataka,Wood,11000.0
Kerala,Alsandikai,5484.81
Kerala,Amaranthus,3503.7
Kerala,Amla (Nelli Kai),4419.68
Kerala,Amphophalus,4896.33
Kerala,Amranthas Red,2169.18
Kerala,Apple,13753.14
Kerala,Arecanut (Betelnut/Supari),36577.33
Kerala,Arhar (Tur/Red Gram)(Whole),11483.92
Kerala,Ashgourd,2787.28
Kerala,Banana,4027.95
Kerala,Banana - Green,4437.33
Kerala,Beans,5696.81
Kerala,Beetroot,4204.63
Kerala,Bengal Gram (Gram)(Whole),7506.19
Kerala,Bengal Gram Dal (Chana Dal),7440.0
Kerala,Betal Leaves,5982.27
Kerala,Bhindi (Ladies Finger),4288.74
Kerala,Bitter Gourd,5399.92
Kerala,Black Gram (Urd Beans)(Whole),11614.75
Kerala,Black Pepper,52183.18
Kerala,Bottle Gourd,2692.75
Kerala,Brinjal,3839.7
Kerala,Bunch Beans,5500.0
Kerala,Cabbage,3266.16
Kerala,Capsicum,7468.79
Kerala,Cardamoms,148130.08
Kerala,Carrot,5980.39
Kerala,Cashewnuts,9856.11
Kerala,Cauliflower,4433.1
Kerala,Cherry,9000.0
Kerala,Chikoos (Sapota),3960.13
Kerala,Chili Red,20814.25
Kerala,Cloves,81144.92
Kerala,Cluster Beans,5378.27
Kerala,Coca,5133.33
Kerala,Cocoa,7948.25
Kerala,Coconut,4388.59
Kerala,Coconut Oil,19524.52
Kerala,Coconut Seed,4021.74
Kerala,Coffee,18161.81
Kerala,Colacasia,6439.53
Kerala,Copra,10491.07
Kerala,Coriander (Leaves),7105.21
Kerala,Corriander Seed,15119.61
Kerala,Cowpea (Lobia/Karamani),7323.39
Kerala,Cowpea (Veg),5161.11
Kerala,Cucumbar (Kheera),2772.39
Kerala,Cummin Seed (Jeera),22392.11
Kerala,Custard Apple (Sharifa),4295.24
Kerala,Drumstick,8072.11
Kerala,Dry Chillies,17039.22
Kerala,Duster Beans,5996.08
Kerala,Egg,509.63
Kerala,Elephant Yam (Suran),4490.69
Kerala,Elephant Yam (Suran)/Amorphophallus,4210.45
Kerala,Field Pea,4183.14
Kerala,French Beans (Frasbean),6922.73
Kerala,Galgal (Lemon),6297.3
Kerala,Garlic,19468.71
Kerala,Gingelly Oil,21633.33
Kerala,Ginger (Dry),12614.46
Kerala,Ginger (Green),9061.2
Kerala,Grapes,7357.98
Kerala,Green Avare (W),5978.87
Kerala,Green Chilli,5919.49
Kerala,Green Gram (Moong)(Whole),11112.92
Kerala,Green Peas,11871.79
Kerala,Groundnut Pods (Raw),4900.0
Kerala,Guava,5297.63
Kerala,Hen,12720.47
Kerala,Hybrid Cumbu,58.0
Kerala,Indian Beans (Seam),6358.73
Kerala,Jack Fruit,2616.27
Kerala,Jasmine,140428.57
Kerala,Kabuli Chana (Chickpeas-White),12173.69
Kerala,Leafy Vegetable,6596.68
Kerala,Lemon,7705.81
Kerala,Lime,6633.28
Kerala,Little Gourd (Kundru),4028.21
Kerala,Long Melon (Kakri),3807.48
Kerala,Mace,136589.36
Kerala,Mango,6206.97
Kerala,Mango (Raw-Ripe),6426.53
Kerala,Mashrooms,16176.47
Kerala,Methi (Leaves),5000.0
Kerala,Mint (Pudina),6933.87
Kerala,Mousambi (Sweet Lime),5303.85
Kerala,Nutmeg,27324.45
Kerala,Onion,4110.35
Kerala,Onion Green,5480.0
Kerala,Orange,6308.71
Kerala,Paddy (Common),2420.0
Kerala,Paddy (Dhan)(Basmati),9426.09
Kerala,Paddy (Dhan)(Common),2130.33
Kerala,Papaya,2802.29
Kerala,Papaya (Raw),2830.91
Kerala,Pepper Garbled,49851.45
Kerala,Pepper Ungarbled,50698.62
Kerala,Pineapple,4856.64
Kerala,Plum,14000.0
Kerala,Pomegranate,14359.6
Kerala,Potato,3568.24
Kerala,Pumpkin,2240.7
Kerala,Raddish,2597.15
Kerala,Ragi (Finger Millet),3782.88
Kerala,Rice,3929.73
Kerala,Ridgeguard (Tori),4957.47
Kerala,Round Gourd,4100.0
Kerala,Rubber,16144.28
Kerala,Seemebadnekai,3533.33
Kerala,Seetapal,12285.71
Kerala,Snakeguard,3308.09
Kerala,Soji,5116.67
Kerala,Sompu,12000.0
Kerala,Sponge Gourd,4000.0
Kerala,Sugar,4288.89
Kerala,Sweet Potato,3329.17
Kerala,Tamarind Fruit,1700.0
Kerala,Tapioca,2916.6
Kerala,Tender Coconut,4748.33
Kerala,Thondekai,4136.36
Kerala,Tomato,3759.72
Kerala,Turmeric,8687.84
Kerala,Turmeric (Raw),2897.95
Kerala,Water Melon,2057.52
Kerala,Wheat,2156.94
Kerala,Wheat Atta,8000.0
Kerala,White Peas,8000.0
Kerala,White Pumpkin,4158.33
Kerala,Yam,5901.03
Kerala,Yam (Ratalu),4212.52
Madhya Pradesh,Absinthe,5391.14
Madhya Pradesh,Ajwan,9615.07
Madhya Pradesh,Alasande Gram,4449.98
Madhya Pradesh,Alsandikai,4220.0
Madhya Pradesh,Amaranthus,1654.19
Madhya Pradesh,Ambada Seed,1860.0
Madhya Pradesh,Ambady/Mesta,8425.0
Madhya Pradesh,Amla (Nelli Kai),7468.08
Madhya Pradesh,Antawala,5000.0
Madhya Pradesh,Apple,4909.43
Madhya Pradesh,Arhar (Tur/Red Gram)(Whole),6427.64
Madhya Pradesh,Arhar Dal (Tur Dal),5427.73
Madhya Pradesh,Asalia,8429.1
Madhya Pradesh,Ashgourd,300.0
Madhya Pradesh,Ashwagandha,22100.34
Madhya Pradesh,Asparagus,29215.24
Madhya Pradesh,Bajra (Pearl Millet/Cumbu),1860.31
Madhya Pradesh,Banana,1333.66
Madhya Pradesh,Banana - Green,2192.98
Madhya Pradesh,Barley (Jau),2100.19
Madhya Pradesh,Basil,14963.67
Madhya Pradesh,Beans,3278.93
Madhya Pradesh,Beaten Rice,1000.0
Madhya Pradesh,Beetroot,1138.45
Madhya Pradesh,Bengal Gram (Gram)(Whole),5181.46
Madhya Pradesh,Bengal Gram Dal (Chana Dal),4974.5
Madhya Pradesh,Ber (Zizyphus/Borehannu),2106.05
Madhya Pradesh,Bhindi (Ladies Finger),1574.44
Madhya Pradesh,Bhui Amlaya,4650.0
Madhya Pradesh,Bitter Gourd,1782.34
Madhya Pradesh,Black Gram (Urd Beans)(Whole),5360.32
Madhya Pradesh,Black Gram Dal (Urd Dal),4411.71
Madhya Pradesh,Bottle Gourd,1051.5
Madhya Pradesh,Brahmi,4450.0
Madhya Pradesh,Brinjal,1036.74
Madhya Pradesh,Buttery,4865.86
Madhya Pradesh,Cabbage,987.37
Madhya Pradesh,Capsicum,2198.18
Madhya Pradesh,Carrot,1253.66
Madhya Pradesh,Castor Seed,5610.28
Madhya Pradesh,Cauliflower,1233.47
Madhya Pradesh,Chennangi (Whole),5010.0
Madhya Pradesh,Chikoos (Sapota),1964.25
Madhya Pradesh,Chili Red,10317.5
Madhya Pradesh,Cinamon (Dalchini),3331.25
Madhya Pradesh,Cluster Beans,1928.02
Madhya Pradesh,Colacasia,1574.55
Madhya Pradesh,Coriander (Leaves),3310.6
Madhya Pradesh,Corriander Seed,7054.84
Madhya Pradesh,Cotton,7425.82
Madhya Pradesh,Cowpea (Lobia/Karamani),6910.4
Madhya Pradesh,Cowpea (Veg),1407.09
Madhya Pradesh,Cucumbar (Kheera),1049.84
Madhya Pradesh,Cummin Seed (Jeera),20786.45
Madhya Pradesh,Dhawai Flowers,3875.0
Madhya Pradesh,Dried Mango,6444.98
Madhya Pradesh,Drumstick,1966.61
Madhya Pradesh,Dry Chillies,11220.19
Madhya Pradesh,Field Pea,2805.27
Madhya Pradesh,Foxtail Millet (Navane),4014.11
Madhya Pradesh,French Beans (Frasbean),1284.41
Madhya Pradesh,Garlic,6258.02
Madhya Pradesh,Giloy,2795.56
Madhya Pradesh,Gingelly Oil,12375.0
Madhya Pradesh,Ginger (Dry),3118.37
Madhya Pradesh,Ginger (Green),3143.69
Madhya Pradesh,Gram Raw (Chholia),1834.55
Madhya Pradesh,Grapes,3108.02
Madhya Pradesh,Green Chilli,2202.74
Madhya Pradesh,Green Gram (Moong)(Whole),6295.19
Madhya Pradesh,Green Gram Dal (Moong Dal),6909.01
Madhya Pradesh,Green Peas,3640.67
Madhya Pradesh,Ground Nut Seed,4843.4
Madhya Pradesh,Groundnut,4960.3
Madhya Pradesh,Groundnut Pods (Raw),2968.65
Madhya Pradesh,Guar,2211.71
Madhya Pradesh,Guar Seed (Cluster Beans Seed),4442.63
Madhya Pradesh,Guava,1150.25
Madhya Pradesh,Gudmar,3520.33
Madhya Pradesh,Gulli,3784.23
Madhya Pradesh,Gur (Jaggery),2989.99
Madhya Pradesh,Honge Seed,3379.6
Madhya Pradesh,Indian Beans (Seam),1394.78
Madhya Pradesh,Isabgul (Psyllium),13375.45
Madhya Pradesh,Jack Fruit,1292.86
Madhya Pradesh,Jamun (Narale Hannu),1690.91
Madhya Pradesh,Jowar (Sorghum),2019.31
Madhya Pradesh,Kabuli Chana (Chickpeas-White),8301.85
Madhya Pradesh,Kalmegh,24887.5
Madhya Pradesh,Karanja Seeds,4339.14
Madhya Pradesh,Karbuja (Musk Melon),1036.23
Madhya Pradesh,Kartali (Kantola),1818.75
Madhya Pradesh,Kinnow,2420.86
Madhya Pradesh,Kodo Millet (Varagu),2395.31
Madhya Pradesh,Kulthi (Horse Gram),4756.73
Madhya Pradesh,Kutki,3732.74
Madhya Pradesh,Lak (Teora),3520.76
Madhya Pradesh,Leafy Vegetable,1273.44
Madhya Pradesh,Lemon,2581.52
Madhya Pradesh,Lentil (Masur)(Whole),5782.04
Madhya Pradesh,Lime,2266.67
Madhya Pradesh,Linseed,6164.55
Madhya Pradesh,Liquor Turmeric,3464.0
Madhya Pradesh,Litchi,2000.0
Madhya Pradesh,Little Gourd (Kundru),1246.05
Madhya Pradesh,Long Melon (Kakri),845.35
Madhya Pradesh,Lotus Sticks,3266.67
Madhya Pradesh,Mahua,2875.52
Madhya Pradesh,Mahua Seed (Hippe Seed),3220.91
Madhya Pradesh,Maize,1898.1
Madhya Pradesh,Mango,2847.41
Madhya Pradesh,Mango (Raw-Ripe),2017.44
Madhya Pradesh,Mango Powder,6966.31
Madhya Pradesh,Marigold (Calcutta),1716.72
Madhya Pradesh,Marigold (Loose),2600.0
Madhya Pradesh,Masur Dal,5465.98
Madhya Pradesh,Mataki,3438.04
Madhya Pradesh,Methi (Leaves),1359.62
Madhya Pradesh,Methi Seeds,5279.7
Madhya Pradesh,Millets,3231.04
Madhya Pradesh,Mousambi (Sweet Lime),2592.66
Madhya Pradesh,Muesli,116779.75
Madhya Pradesh,Muleti,17000.0
Madhya Pradesh,Mustard,5600.52
Madhya Pradesh,Myrobolan (Harad),1541.91
Madhya Pradesh,Neem Seed,1543.7
Madhya Pradesh,Nigella,22075.0
Madhya Pradesh,Nigella Seeds,17596.23
Madhya Pradesh,Niger Seed (Ramtil),7467.83
Madhya Pradesh,Onion,1287.58
Madhya Pradesh,Onion Green,550.0
Madhya Pradesh,Orange,1864.84
Madhya Pradesh,Other Green And Fresh Vegetables,1655.23
Madhya Pradesh,Paddy (Common),2902.64
Madhya Pradesh,Paddy (Dhan)(Basmati),3226.83
Madhya Pradesh,Paddy (Dhan)(Common),2466.34
Madhya Pradesh,Papaya,1361.76
Madhya Pradesh,Papaya (Raw),1774.0
Madhya Pradesh,Pear (Marasebu),2518.49
Madhya Pradesh,Peas (Dry),4125.37
Madhya Pradesh,Peas Cod,1703.0
Madhya Pradesh,Peas Wet,1889.47
Madhya Pradesh,Pineapple,2541.95
Madhya Pradesh,Plum,2280.0
Madhya Pradesh,Pointed Gourd (Parval),1834.82
Madhya Pradesh,Pomegranate,4309.0
Madhya Pradesh,Poppy Seeds,107379.81
Madhya Pradesh,Potato,1120.68
Madhya Pradesh,Pumpkin,892.18
Madhya Pradesh,Pupadia,2528.69
Madhya Pradesh,Raddish,753.34
Madhya Pradesh,Rajgir,5874.95
Madhya Pradesh,Ratanjot,39655.5
Madhya Pradesh,Rice,3476.88
Madhya Pradesh,Ridgeguard (Tori),1975.81
Madhya Pradesh,Rose (Loose)),10232.52
Madhya Pradesh,Round Gourd,866.84
Madhya Pradesh,Safflower,4794.07
Madhya Pradesh,Saffron,75753.92
Madhya Pradesh,Same/Savi,3212.42
Madhya Pradesh,Sanay,4000.0
Madhya Pradesh,Seetapal,2122.68
Madhya Pradesh,"Sesamum (Sesame,Gingelly,Til)",10141.41
Madhya Pradesh,Snakeguard,30065.28
Madhya Pradesh,Soanf,10780.61
Madhya Pradesh,Soyabean,4802.13
Madhya Pradesh,Spikenard,34386.5
Madhya Pradesh,Spinach,934.29
Madhya Pradesh,Sponge Gourd,1762.89
Madhya Pradesh,Stevia,4850.67
Madhya Pradesh,Sunflower,4235.0
Madhya Pradesh,Sunhemp,3226.83
Madhya Pradesh,Suva (Dill Seed),8062.18
Madhya Pradesh,Sweet Potato,1083.98
Madhya Pradesh,Sweet Pumpkin,1214.29
Madhya Pradesh,Tamarind Fruit,3265.49
Madhya Pradesh,Tamarind Seed,2847.79
Madhya Pradesh,Taramira,4987.7
Madhya Pradesh,Tender Coconut,1529.8
Madhya Pradesh,Tinda,1480.06
Madhya Pradesh,Tobacco,3875.56
Madhya Pradesh,Tomato,1387.48
Madhya Pradesh,Turmeric,16833.91
Madhya Pradesh,Vadang,46768.67
Madhya Pradesh,Water Melon,807.23
Madhya Pradesh,Wheat,2338.46
Madhya Pradesh,White Muesli,114734.73
Madhya Pradesh,White Peas,3897.59
Madhya Pradesh,Yam,906.54
Madhya Pradesh,Yam (Ratalu),1458.14
Maharashtra,Ajwan,10704.08
Maharashtra,Almond (Badam),78238.99
Maharashtra,Amla (Nelli Kai),2960.7
Maharashtra,Apple,8775.9
Maharashtra,Arecanut (Betelnut/Supari),50394.03
Maharashtra,Arhar (Tur/Red Gram)(Whole),7260.74
Maharashtra,Arhar Dal (Tur Dal),10994.8
Maharashtra,Astera,1730.11
Maharashtra,Bajra (Pearl Millet/Cumbu),2222.28
Maharashtra,Banana,1580.13
Maharashtra,Banana - Green,2559.07
Maharashtra,Beans,4143.43
Maharashtra,Beetroot,1644.6
Maharashtra,Bengal Gram (Gram)(Whole),5055.69
Maharashtra,Bengal Gram Dal (Chana Dal),6962.08
Maharashtra,Bhindi (Ladies Finger),3064.43
Maharashtra,Bitter Gourd,2906.19
Maharashtra,Black Gram (Urd Beans)(Whole),6351.3
Maharashtra,Black Gram Dal (Urd Dal),10560.0
Maharashtra,Black Pepper,61990.42
Maharashtra,Bottle Gourd,1476.8
Maharashtra,Brinjal,2346.02
Maharashtra,Cabbage,1084.96
Maharashtra,Cardamoms,179922.69
Maharashtra,Carrot,2021.52
Maharashtra,Cashewnuts,79501.29
Maharashtra,Castor Seed,4858.67
Maharashtra,Cauliflower,1631.23
Maharashtra,Cherry,17000.0
Maharashtra,Chikoos (Sapota),2766.93
Maharashtra,Chili Red,15228.99
Maharashtra,Chilly Capsicum,3242.54
Maharashtra,Chow Chow,988.04
Maharashtra,Chrysanthemum (Loose),907.06
Maharashtra,Cinamon (Dalchini),37897.64
Maharashtra,Coconut,1946.06
Maharashtra,Coriander (Leaves),2109.29
Maharashtra,Corriander Seed,9223.31
Maharashtra,Cotton,7553.0
Maharashtra,Cotton Seed,4400.0
Maharashtra,Cow,39874.27
Maharashtra,Cowpea (Lobia/Karamani),7252.67
Maharashtra,Cucumbar (Kheera),1692.72
Maharashtra,Cummin Seed (Jeera),30012.02
Maharashtra,Drumstick,4393.97
Maharashtra,Dry Grapes,14610.66
Maharashtra,Elephant Yam (Suran),3133.22
Maharashtra,Elephant Yam (Suran)/Amorphophallus,3770.0
Maharashtra,French Beans (Frasbean),4614.61
Maharashtra,Garlic,9169.95
Maharashtra,Ghee,62080.16
Maharashtra,Ginger (Dry),21539.54
Maharashtra,Ginger (Green),4473.47
Maharashtra,Goat,7203.66
Maharashtra,Grapes,4905.25
Maharashtra,Green Chilli,3670.87
Maharashtra,Green Gram (Moong)(Whole),6789.86
Maharashtra,Green Gram Dal (Moong Dal),10469.14
Maharashtra,Green Peas,7363.58
Maharashtra,Ground Nut Seed,10469.26
Maharashtra,Groundnut,5328.29
Maharashtra,Guar,5127.76
Maharashtra,Guava,2527.99
Maharashtra,Gur (Jaggery),3870.07
Maharashtra,He Buffalo,11765.0
Maharashtra,Hen,376.23
Maharashtra,Hippe Seed,4000.0
Maharashtra,Jack Fruit,1947.46
Maharashtra,Jamun (Narale Hannu),9992.25
Maharashtra,Jasmine,15678.98
Maharashtra,Jowar (Sorghum),2484.66
Maharashtra,Jute,5302.17
Maharashtra,Kabuli Chana (Chickpeas-White),4615.0
Maharashtra,Kakada,17537.21
Maharashtra,Karbuja (Musk Melon),1830.04
Maharashtra,Kulthi (Horse Gram),6327.89
Maharashtra,Lak (Teora),3199.55
Maharashtra,Leafy Vegetable,3096.67
Maharashtra,Lentil (Masur)(Whole),7157.16
Maharashtra,Lime,3485.15
Maharashtra,Linseed,5962.14
Maharashtra,Litchi,13804.73
Maharashtra,Little Gourd (Kundru),2945.9
Maharashtra,Long Melon (Kakri),2859.26
Maharashtra,Maize,1967.29
Maharashtra,Mango,7585.65
Maharashtra,Mango (Raw-Ripe),3147.41
Maharashtra,Marigold (Calcutta),2827.34
Maharashtra,Masur Dal,7828.42
Maharashtra,Mataki,8186.42
Maharashtra,Methi (Leaves),1655.72
Maharashtra,Methi Seeds,6232.6
Maharashtra,Mint (Pudina),658.48
Maharashtra,Mustard,5748.9
Maharashtra,Neem Seed,1269.57
Maharashtra,Niger Seed (Ramtil),6659.0
Maharashtra,Onion,1727.26
Maharashtra,Onion Green,1297.67
Maharashtra,Orange,3830.92
Maharashtra,Other Pulses,4947.53
Maharashtra,Ox,24434.33
Maharashtra,Paddy (Common),2516.57
Maharashtra,Paddy (Dhan)(Common),2410.05
Maharashtra,Papaya,1500.57
Maharashtra,Peach,8330.16
Maharashtra,Pear (Marasebu),8466.22
Maharashtra,Peas Wet,5802.35
Maharashtra,Pineapple,3023.52
Maharashtra,Plum,6957.88
Maharashtra,Pointed Gourd (Parval),3493.73
Maharashtra,Pomegranate,7162.64
Maharashtra,Potato,1609.71
Maharashtra,Pumpkin,1454.56
Maharashtra,Raddish,1346.13
Maharashtra,Ragi (Finger Millet),4103.0
Maharashtra,Rajgir,468.27
Maharashtra,Rice,3436.07
Maharashtra,Ridgeguard (Tori),3179.31
Maharashtra,Rose (Loose)),7073.61
Maharashtra,Sabu Dan,5534.76
Maharashtra,Safflower,4903.3
Maharashtra,Same/Savi,576.0
Maharashtra,Seetapal,4115.77
Maharashtra,"Sesamum (Sesame,Gingelly,Til)",11029.93
Maharashtra,She Buffalo,43071.2
Maharashtra,Sheep,5384.38
Maharashtra,Skin And Hide,2700.0
Maharashtra,Snakeguard,2767.74
Maharashtra,Soanf,18531.99
Maharashtra,Soyabean,4962.03
Maharashtra,Spinach,1230.5
Maharashtra,Sugar,3885.68
Maharashtra,Sugarcane,385.2
Maharashtra,Sunflower,4913.45
Maharashtra,Surat Beans (Papadi),1342.76
Maharashtra,Sweet Potato,2413.83
Maharashtra,Sweet Pumpkin,1223.73
Maharashtra,Tamarind Fruit,4859.7
Maharashtra,Tamarind Seed,2070.74
Maharashtra,Tender Coconut,2352.35
Maharashtra,Tomato,1773.72
Maharashtra,Turmeric,9874.4
Maharashtra,Water Melon,1056.94
Maharashtra,Wheat,2384.24
Manipur,Arhar Dal (Tur Dal),15440.3
Manipur,Banana,4250.09
Manipur,Bengal Gram (Gram)(Whole),8135.39
Manipur,Bengal Gram Dal (Chana Dal),10667.56
Manipur,Black Gram (Urd Beans)(Whole),12898.28
Manipur,Black Gram Dal (Urd Dal),13140.75
Manipur,Cabbage,2559.01
Manipur,Cauliflower,3351.66
Manipur,Dry Chillies,24757.48
Manipur,Ginger (Dry),12625.0
Manipur,Ginger (Green),6610.63
Manipur,Green Gram (Moong)(Whole),13750.0
Manipur,Green Gram Dal (Moong Dal),13889.12
Manipur,Maize,3491.41
Manipur,Masur Dal,10327.62
Manipur,Onion,4465.26
Manipur,Orange,11817.42
Manipur,Paddy (Common),3062.5
Manipur,Paddy (Dhan)(Common),2697.76
Manipur,Pineapple,3383.04
Manipur,Potato,2743.73
Manipur,Rice,4579.51
Manipur,Soyabean,9102.75
Manipur,Turmeric (Raw),3750.0
Meghalaya,Apple,6620.0
Meghalaya,Arecanut (Betelnut/Supari),18633.83
Meghalaya,Ashgourd,3246.15
Meghalaya,Banana,4868.59
Meghalaya,Banana - Green,3395.45
Meghalaya,Bay Leaf (Tejpatta),2586.23
Meghalaya,Beans,46242.86
Meghalaya,Beetroot,11878.0
Meghalaya,Betal Leaves,23638.79
Meghalaya,Bhindi (Ladies Finger),4779.31
Meghalaya,Bitter Gourd,6483.79
Meghalaya,Black Pepper,40328.75
Meghalaya,Bottle Gourd,2800.92
Meghalaya,Brinjal,4636.22
Meghalaya,Broomstick (Flower Broom),9493.5
Meghalaya,Cabbage,3070.02
Meghalaya,Capsicum,6638.37
Meghalaya,Carrot,7332.39
Meghalaya,Cashewnuts,7950.0
Meghalaya,Cauliflower,4294.65
Meghalaya,Chili Red,4400.0
Meghalaya,Colacasia,4594.12
Meghalaya,Coriander (Leaves),7950.0
Meghalaya,Cowpea (Veg),4920.83
Meghalaya,Cucumbar (Kheera),3301.56
Meghalaya,Drumstick,8952.38
Meghalaya,Field Pea,6170.74
Meghalaya,French Beans (Frasbean),6170.11
Meghalaya,Garlic,12645.45
Meghalaya,Ginger (Dry),6665.8
Meghalaya,Ginger (Green),6550.0
Meghalaya,Grapes,5600.0
Meghalaya,Green Chilli,9551.24
Meghalaya,Guava,4255.47
Meghalaya,Jack Fruit,4390.91
Meghalaya,Karbuja (Musk Melon),2625.0
Meghalaya,Knool Khol,2933.33
Meghalaya,Leafy Vegetable,2700.0
Meghalaya,Lemon,2920.0
Meghalaya,Lime,2500.0
Meghalaya,Litchi,5257.89
Meghalaya,Mango,4870.45
Meghalaya,Onion,3897.78
Meghalaya,Orange,8060.64
Meghalaya,Papaya,3770.26
Meghalaya,Papaya (Raw),3370.59
Meghalaya,Peach,7272.22
Meghalaya,Pear (Marasebu),1612.9
Meghalaya,Peas Wet,3424.14
Meghalaya,Pineapple,4204.23
Meghalaya,Plum,8222.64
Meghalaya,Pomegranate,6000.0
Meghalaya,Potato,2921.96
Meghalaya,Pumpkin,2894.86
Meghalaya,Raddish,2013.85
Meghalaya,Resinwood,1564.29
Meghalaya,Rice,5729.17
Meghalaya,Ridgeguard (Tori),5035.56
Meghalaya,Sponge Gourd,4595.24
Meghalaya,Squash (Chappal Kadoo),3197.05
Meghalaya,Tapioca,2150.0
Meghalaya,Tomato,4532.37
Meghalaya,Torchwood,2000.0
Meghalaya,Turmeric,17152.0
Meghalaya,Turmeric (Raw),2363.33
Meghalaya,Turnip,2777.15
Meghalaya,Water Melon,3726.53
Meghalaya,Yam (Ratalu),4666.67
Nagaland,Arecanut (Betelnut/Supari),5002.01
Nagaland,Ashgourd,3106.77
Nagaland,Bamboo,8300.0
Nagaland,Banana,4982.87
Nagaland,Banana - Green,3239.29
Nagaland,Beans,7016.69
Nagaland,Betal Leaves,3316.67
Nagaland,Bhindi (Ladies Finger),4705.11
Nagaland,Bitter Gourd,4307.6
Nagaland,Bottle Gourd,6748.72
Nagaland,Brinjal,3857.38
Nagaland,Cabbage,3916.02
Nagaland,Carrot,8352.35
Nagaland,Cauliflower,3511.95
Nagaland,Chili Red,4714.29
Nagaland,Chow Chow,3453.0
Nagaland,Cluster Beans,4500.0
Nagaland,Colacasia,4463.79
Nagaland,Coriander (Leaves),1500.0
Nagaland,Cucumbar (Kheera),4373.83
Nagaland,Dry Chillies,2750.0
Nagaland,Duster Beans,4750.0
Nagaland,Elephant Yam (Suran),6000.0
Nagaland,Fig (Anjura/Anjeer),4600.0
Nagaland,Fish,5832.0
Nagaland,Foxtail Millet (Navane),6550.0
Nagaland,French Beans (Frasbean),3285.71
Nagaland,Garlic,21533.33
Nagaland,Ginger (Dry),5533.19
Nagaland,Ginger (Green),8925.66
Nagaland,Green Chilli,8330.84
Nagaland,Green Peas,4340.0
Nagaland,Guava,3500.0
Nagaland,Hen,3913.33
Nagaland,Indian Beans (Seam),3608.7
Nagaland,Jack Fruit,2744.44
Nagaland,Leafy Vegetable,3515.48
Nagaland,Lemon,7500.78
Nagaland,Lime,6158.33
Nagaland,Litchi,4575.0
Nagaland,Maize,6144.29
Nagaland,Mango (Raw-Ripe),5600.0
Nagaland,Mashrooms,6500.0
Nagaland,Onion,4869.09
Nagaland,Orange,7605.0
Nagaland,Other Green And Fresh Vegetables,2575.0
Nagaland,Papaya,4320.69
Nagaland,Papaya (Raw),5600.25
Nagaland,Pigs,10124.19
Nagaland,Pineapple,5456.7
Nagaland,Plum,3771.43
Nagaland,Potato,3900.02
Nagaland,Pumpkin,3634.57
Nagaland,Raddish,3474.29
Nagaland,Season Leaves,1925.57
Nagaland,Soyabean,5317.65
Nagaland,Squash (Chappal Kadoo),4946.67
Nagaland,Sweet Potato,4727.94
Nagaland,Tapioca,3313.33
Nagaland,Tomato,4941.28
Nagaland,Turmeric,2493.65
Nagaland,Turmeric (Raw),2100.0
Nagaland,Water Melon,4878.26
Nagaland,White Pumpkin,3285.71
Nagaland,Yam,5950.98
Nagaland,Yam (Ratalu),4307.64
Nct Of Delhi,Amla (Nelli Kai),3544.22
Nct Of Delhi,Anthorium,34.68
Nct Of Delhi,Apple,5736.47
Nct Of Delhi,Apricot (Jardalu/Khumani),4638.89
Nct Of Delhi,Arhar (Tur/Red Gram)(Whole),5737.07
Nct Of Delhi,Astera,8611.75
Nct Of Delhi,Bajra (Pearl Millet/Cumbu),2159.34
Nct Of Delhi,Banana,2103.17
Nct Of Delhi,Banana - Green,2225.06
Nct Of Delhi,Barley (Jau),2098.87
Nct Of Delhi,Beetroot,1412.79
Nct Of Delhi,Bengal Gram (Gram)(Whole),6262.03
Nct Of Delhi,Ber (Zizyphus/Borehannu),3195.46
Nct Of Delhi,Bhindi (Ladies Finger),3031.5
Nct Of Delhi,Bitter Gourd,2720.18
Nct Of Delhi,Black Gram (Urd Beans)(Whole),10942.0
Nct Of Delhi,Bop,35.36
Nct Of Delhi,Bottle Gourd,1580.29
Nct Of Delhi,Brinjal,1655.99
Nct Of Delhi,Cabbage,1209.81
Nct Of Delhi,Calendula,139.17
Nct Of Delhi,Capsicum,3282.13
Nct Of Delhi,Carnation,36.81
Nct Of Delhi,Carrot,1527.04
Nct Of Delhi,Cauliflower,2494.42
Nct Of Delhi,Chakotha,1816.2
Nct Of Delhi,Cherry,15749.91
Nct Of Delhi,Chikoos (Sapota),3082.04
Nct Of Delhi,Chrysanthemum,91.56
Nct Of Delhi,Chrysanthemum (Loose),8993.81
Nct Of Delhi,Cock,169.13
Nct Of Delhi,Coriander (Leaves),3884.53
Nct Of Delhi,Cucumbar (Kheera),1831.87
Nct Of Delhi,Custard Apple (Sharifa),8157.0
Nct Of Delhi,Daila (Chandni),4475.0
Nct Of Delhi,Delha,14096.41
Nct Of Delhi,Fish,21290.5
Nct Of Delhi,French Beans (Frasbean),3988.81
Nct Of Delhi,Galgal (Lemon),3350.0
Nct Of Delhi,Garlic,8764.08
Nct Of Delhi,Ginger (Green),5290.44
Nct Of Delhi,Grapes,7468.88
Nct Of Delhi,Green Chilli,2855.17
Nct Of Delhi,Green Gram (Moong)(Whole),6162.51
Nct Of Delhi,Green Gram Dal (Moong Dal),5223.9
Nct Of Delhi,Guar,3416.71
Nct Of Delhi,Guava,3768.9
Nct Of Delhi,Gur (Jaggery),2900.0
Nct Of Delhi,Hen,33.36
Nct Of Delhi,Indian Beans (Seam),3050.0
Nct Of Delhi,Indian Colza (Sarson),1850.0
Nct Of Delhi,Jack Fruit,2520.14
Nct Of Delhi,Jaffri,3964.1
Nct Of Delhi,Jamun (Narale Hannu),12260.75
Nct Of Delhi,Jarbara,44.0
Nct Of Delhi,Jowar (Sorghum),2707.66
Nct Of Delhi,Karbuja (Musk Melon),2736.87
Nct Of Delhi,Kinnow,2066.35
Nct Of Delhi,Lemon,4626.7
Nct Of Delhi,Lilly,33.75
Nct Of Delhi,Litchi,11752.35
Nct Of Delhi,Little Gourd (Kundru),1922.22
Nct Of Delhi,Lotus,17.16
Nct Of Delhi,Lotus Sticks,7000.0
Nct Of Delhi,Lukad,5555.56
Nct Of Delhi,Maize,2163.08
Nct Of Delhi,Mango,8325.48
Nct Of Delhi,Mango (Raw-Ripe),4104.61
Nct Of Delhi,Marget,4978.59
Nct Of Delhi,Marigold (Calcutta),20.66
Nct Of Delhi,Marigold (Loose),152.05
Nct Of Delhi,Mashrooms,8915.76
Nct Of Delhi,Masur Dal,5600.0
Nct Of Delhi,Methi (Leaves),2081.75
Nct Of Delhi,Mint (Pudina),3366.41
Nct Of Delhi,Mousambi (Sweet Lime),2980.25
Nct Of Delhi,Mustard,5641.95
Nct Of Delhi,Onion,1906.24
Nct Of Delhi,Onion Green,2115.54
Nct Of Delhi,Orange,4447.21
Nct Of Delhi,Orchid,25.69
Nct Of Delhi,Paddy (Common),3050.0
Nct Of Delhi,Paddy (Dhan)(Basmati),4344.89
Nct Of Delhi,Paddy (Dhan)(Common),3366.74
Nct Of Delhi,Papaya,1588.47
Nct Of Delhi,Patti Calcutta,16011.08
Nct Of Delhi,Peach,4017.37
Nct Of Delhi,Pear (Marasebu),2675.06
Nct Of Delhi,Peas (Dry),7816.67
Nct Of Delhi,Peas Wet,5227.97
Nct Of Delhi,Persimon (Japani Fal),10223.73
Nct Of Delhi,Pineapple,3399.32
Nct Of Delhi,Plum,5119.9
Nct Of Delhi,Pointed Gourd (Parval),2825.42
Nct Of Delhi,Pomegranate,6932.97
Nct Of Delhi,Potato,1239.39
Nct Of Delhi,Pumpkin,1178.19
Nct Of Delhi,Raddish,1239.45
Nct Of Delhi,Raibel,29760.01
Nct Of Delhi,Rice,4134.91
Nct Of Delhi,Rose (Local),337.5
Nct Of Delhi,Rose (Loose)),9860.98
Nct Of Delhi,Season Leaves,1413.7
Nct Of Delhi,Spinach,1311.59
Nct Of Delhi,Sugar,4497.13
Nct Of Delhi,Sweet Potato,1923.82
Nct Of Delhi,Sweet Pumpkin,1505.47
Nct Of Delhi,Tender Coconut,181.95
Nct Of Delhi,Tinda,2800.13
Nct Of Delhi,Tomato,2043.33
Nct Of Delhi,Tube Rose (Double),68.59
Nct Of Delhi,Tube Rose (Single),142.5
Nct Of Delhi,Tulip,1625.0
Nct Of Delhi,Turmeric (Raw),2000.0
Nct Of Delhi,Turnip,1578.13
Nct Of Delhi,Water Melon,1585.87
Nct Of Delhi,Wheat,2571.16
Nct Of Delhi,Yam (Ratalu),1808.14
Odisha,Almond (Badam),5000.0
Odisha,Amla (Nelli Kai),1675.0
Odisha,Apple,13981.13
Odisha,Arhar (Tur/Red Gram)(Whole),7700.0
Odisha,Arhar Dal (Tur Dal),7080.0
Odisha,Bajra (Pearl Millet/Cumbu),2356.4
Odisha,Banana,2637.18
Odisha,Banana - Green,2878.41
Odisha,Beans,4709.67
Odisha,Beetroot,4117.9
Odisha,Bengal Gram (Gram)(Whole),7200.0
Odisha,Betal Leaves,14698.49
Odisha,Bhindi (Ladies Finger),3593.69
Odisha,Bitter Gourd,4123.94
Odisha,Black Gram (Urd Beans)(Whole),6908.09
Odisha,Black Gram Dal (Urd Dal),7543.5
Odisha,Bottle Gourd,1447.08
Odisha,Bran,1025.0
Odisha,Brinjal,3050.59
Odisha,Broken Rice,1143.87
Odisha,Cabbage,2528.27
Odisha,Calf,7074.14
Odisha,Capsicum,5894.56
Odisha,Carrot,3872.15
Odisha,Cashewnuts,10101.69
Odisha,Cauliflower,3582.72
Odisha,Chikoos (Sapota),12000.0
Odisha,Chili Red,21799.56
Odisha,Cluster Beans,4649.71
Odisha,Cock,745.56
Odisha,Coconut,2017.63
Odisha,Colacasia,2286.1
Odisha,Coriander (Leaves),2771.64
Odisha,Cotton,7001.77
Odisha,Cow,13000.0
Odisha,Cowpea (Lobia/Karamani),5289.93
Odisha,Cowpea (Veg),5166.67
Odisha,Cucumbar (Kheera),3094.74
Odisha,Custard Apple (Sharifa),2900.0
Odisha,Drumstick,6754.69
Odisha,Dry Chillies,7743.33
Odisha,Duck,100.0
Odisha,Duster Beans,3145.16
Odisha,Egg,1212.34
Odisha,Field Pea,3388.89
Odisha,Fish,16687.43
Odisha,French Beans (Frasbean),3421.73
Odisha,Garlic,10153.42
Odisha,Ginger (Dry),7235.13
Odisha,Ginger (Green),6995.04
Odisha,Goat,8433.2
Odisha,Grapes,8750.0
Odisha,Green Chilli,7029.22
Odisha,Green Gram (Moong)(Whole),7160.44
Odisha,Green Gram Dal (Moong Dal),7800.0
Odisha,Green Peas,4416.04
Odisha,Groundnut,6402.5
Odisha,Groundnut Pods (Raw),4400.0
Odisha,Guar,5853.23
Odisha,Gur (Jaggery),2523.04
Odisha,Hen,14008.57
Odisha,Indian Beans (Seam),6589.32
Odisha,Jack Fruit,2225.4
Odisha,Jute,4734.21
Odisha,Kulthi (Horse Gram),6066.52
Odisha,Leafy Vegetable,1829.8
Odisha,Lemon,2555.67
Odisha,Lime,1400.0
Odisha,Litchi,8000.0
Odisha,Little Gourd (Kundru),3041.63
Odisha,Mahua,1817.05
Odisha,Maida Atta,3125.0
Odisha,Maize,1803.06
Odisha,Mango,3783.65
Odisha,Mango (Raw-Ripe),4519.07
Odisha,Mashrooms,21437.5
Odisha,Methi (Leaves),3000.0
Odisha,Mousambi (Sweet Lime),2900.0
Odisha,Onion,2927.03
Odisha,Onion Green,1233.33
Odisha,Orange,5500.0
Odisha,Ox,15536.1
Odisha,Paddy (Common),2300.0
Odisha,Paddy (Dhan)(Basmati),1950.0
Odisha,Paddy (Dhan)(Common),2022.05
Odisha,Papaya,1522.22
Odisha,Papaya (Raw),1689.62
Odisha,Peas (Dry),3441.67
Odisha,Peas Wet,4000.0
Odisha,Pineapple,1885.71
Odisha,Pointed Gourd (Parval),4871.12
Odisha,Potato,1957.01
Odisha,Pumpkin,1662.98
Odisha,Raddish,1301.37
Odisha,Ragi (Finger Millet),3614.0
Odisha,Rice,3108.04
Odisha,Ridgeguard (Tori),3473.89
Odisha,Round Gourd,1950.0
Odisha,Seetapal,3450.0
Odisha,She Goat,9000.0
Odisha,Sheep,7500.0
Odisha,Snakeguard,3782.88
Odisha,Soji,3300.0
Odisha,Spinach,3850.0
Odisha,Sugar,4178.26
Odisha,Suva (Dill Seed),2000.0
Odisha,Sweet Potato,2223.65
Odisha,Tamarind Fruit,3283.98
Odisha,Tinda,6140.0
Odisha,Tobacco,1800.0
Odisha,Tomato,3004.05
Odisha,Turmeric,7038.24
Odisha,Turmeric (Raw),4883.33
Odisha,Turnip,4000.0
Odisha,Water Melon,2090.04
Odisha,Wheat,3126.02
Odisha,Wheat Atta,3881.63
Odisha,White Pumpkin,1348.25
Odisha,Yam (Ratalu),3106.36
Pondicherry,Black Gram (Urd Beans)(Whole),6818.46
Pondicherry,Chili Red,10891.22
Pondicherry,Cotton,6013.42
Pondicherry,Green Gram (Moong)(Whole),6375.24
Pondicherry,Groundnut,7360.98
Pondicherry,Groundnut (Split),6078.48
Pondicherry,Hybrid Cumbu,2449.26
Pondicherry,Karamani,6630.13
Pondicherry,Kodo Millet (Varagu),2536.67
Pondicherry,Maize,2105.5
Pondicherry,Paddy (Dhan)(Common),1772.0
Pondicherry,Ragi (Finger Millet),2746.58
Pondicherry,"Sesamum (Sesame,Gingelly,Til)",10763.34
Pondicherry,T.V. Cumbu,5960.23
Pondicherry,Thinai (Italian Millet),3717.05
Punjab,Alsandikai,2508.75
Punjab,Amla (Nelli Kai),2260.9
Punjab,Amphophalus,4923.39
Punjab,Apple,7365.28
Punjab,Apricot (Jardalu/Khumani),4801.36
Punjab,Ashgourd,1581.56
Punjab,Banana,2311.82
Punjab,Banana - Green,1545.55
Punjab,Beans,3632.62
Punjab,Beetroot,1834.0
Punjab,Bengal Gram (Gram)(Whole),2675.0
Punjab,Ber (Zizyphus/Borehannu),2319.27
Punjab,Bhindi (Ladies Finger),2573.13
Punjab,Binoula,4000.0
Punjab,Bitter Gourd,2332.28
Punjab,Bottle Gourd,1511.79
Punjab,Brinjal,1567.1
Punjab,Cabbage,1224.0
Punjab,Capsicum,2984.85
Punjab,Carrot,1325.36
Punjab,Cauliflower,1726.62
Punjab,Cherry,9723.03
Punjab,Chikoos (Sapota),3261.61
Punjab,Chilly Capsicum,3890.0
Punjab,Chow Chow,1823.64
Punjab,Cluster Beans,4106.19
Punjab,Coconut,3438.46
Punjab,Colacasia,2168.36
Punjab,Coriander (Leaves),2347.91
Punjab,Cotton,7265.35
Punjab,Cowpea (Veg),3045.44
Punjab,Cucumbar (Kheera),1723.25
Punjab,Custard Apple (Sharifa),1750.0
Punjab,Dhaincha,611.11
Punjab,Duster Beans,3158.33
Punjab,Elephant Yam (Suran),3345.32
Punjab,Elephant Yam (Suran)/Amorphophallus,4929.0
Punjab,Field Pea,4654.9
Punjab,French Beans (Frasbean),3229.26
Punjab,Galgal (Lemon),1332.93
Punjab,Garlic,7724.99
Punjab,Ginger (Dry),5521.25
Punjab,Ginger (Green),5228.59
Punjab,Gram Raw (Chholia),1983.52
Punjab,Grapes,6011.25
Punjab,Green Chilli,2724.48
Punjab,Green Gram (Moong)(Whole),6317.59
Punjab,Green Peas,4909.01
Punjab,Guar,4579.08
Punjab,Guava,3164.91
Punjab,Indian Beans (Seam),3035.71
Punjab,Indian Colza (Sarson),1232.24
Punjab,Jack Fruit,2236.94
Punjab,Jamun (Narale Hannu),4551.33
Punjab,Kacholam,533.33
Punjab,Karbuja (Musk Melon),1823.88
Punjab,Kinnow,2150.19
Punjab,Leafy Vegetable,1049.48
Punjab,Lemon,4543.94
Punjab,Lime,5572.51
Punjab,Litchi,6985.09
Punjab,Little Gourd (Kundru),1316.27
Punjab,Long Melon (Kakri),1539.38
Punjab,Lotus Sticks,2737.5
Punjab,Lukad,2258.97
Punjab,Maize,1870.75
Punjab,Mango,4760.04
Punjab,Mango (Raw-Ripe),2250.93
Punjab,Marasebu,2885.71
Punjab,Mashrooms,7737.19
Punjab,Methi (Leaves),1570.42
Punjab,Mint (Pudina),2988.22
Punjab,Moath Dal,1550.0
Punjab,Mousambi (Sweet Lime),3917.38
Punjab,Mustard,5618.24
Punjab,Onion,2128.59
Punjab,Onion Green,1726.02
Punjab,Orange,4335.89
Punjab,Paddy (Basmati),3526.62
Punjab,Paddy (Dhan)(Basmati),3230.97
Punjab,Paddy (Dhan)(Common),2180.25
Punjab,Papaya,2696.97
Punjab,Papaya (Raw),2001.83
Punjab,Peach,3390.14
Punjab,Pear (Marasebu),4545.28
Punjab,Peas Cod,3468.81
Punjab,Peas Wet,3389.28
Punjab,Pegeon Pea (Arhar Fali),1700.0
Punjab,Pineapple,3929.43
Punjab,Plum,4736.62
Punjab,Pointed Gourd (Parval),2533.33
Punjab,Pomegranate,7827.5
Punjab,Potato,992.99
Punjab,Pumpkin,1224.72
Punjab,Raddish,933.09
Punjab,Rat Tail Radish (Mogari),1897.06
Punjab,Rice,1501.8
Punjab,Ridgeguard (Tori),2049.34
Punjab,Round Gourd,1554.58
Punjab,Season Leaves,1112.26
Punjab,Siddota,4450.0
Punjab,Snakeguard,2171.64
Punjab,Spinach,1145.71
Punjab,Sponge Gourd,2082.56
Punjab,Squash (Chappal Kadoo),1250.71
Punjab,Sunflower,4863.04
Punjab,Sweet Potato,2138.1
Punjab,Sweet Pumpkin,1154.71
Punjab,Tapioca,1221.74
Punjab,Tender Coconut,2554.82
Punjab,Tinda,2164.47
Punjab,Tomato,2169.08
Punjab,Toria,2110.4
Punjab,Turnip,979.78
Punjab,Water Melon,1382.75
Punjab,Wheat,2176.97
Punjab,White Pumpkin,2700.0
Punjab,Yam (Ratalu),3508.7
Rajasthan,Ajwan,11458.41
Rajasthan,Alasande Gram,5789.0
Rajasthan,Amaranthus,4311.25
Rajasthan,Ambada Seed,2235.0
Rajasthan,Amla (Nelli Kai),2360.67
Rajasthan,Apple,7534.05
Rajasthan,Arhar (Tur/Red Gram)(Whole),5251.72
Rajasthan,Arhar Dal (Tur Dal),7150.0
Rajasthan,Ashgourd,7125.0
Rajasthan,Bajra (Pearl Millet/Cumbu),2004.31
Rajasthan,Balekai,2178.01
Rajasthan,Banana,2185.51
Rajasthan,Barley (Jau),2026.05
Rajasthan,Beetroot,1567.47
Rajasthan,Bengal Gram (Gram)(Whole),5060.47
Rajasthan,Bengal Gram Dal (Chana Dal),4776.83
Rajasthan,Ber (Zizyphus/Borehannu),1666.67
Rajasthan,Bhindi (Ladies Finger),2915.72
Rajasthan,Big Gram,4900.0
Rajasthan,Bitter Gourd,2425.54
Rajasthan,Black Gram (Urd Beans)(Whole),6126.31
Rajasthan,Black Gram Dal (Urd Dal),3300.0
Rajasthan,Bottle Gourd,1313.75
Rajasthan,Brinjal,1635.42
Rajasthan,Cabbage,1416.2
Rajasthan,Capsicum,3337.76
Rajasthan,Carrot,1429.95
Rajasthan,Castor Seed,5634.5
Rajasthan,Cauliflower,2279.11
Rajasthan,Cherry,22500.0
Rajasthan,Chikoos (Sapota),3256.35
Rajasthan,Chili Red,10401.76
Rajasthan,Cluster Beans,3783.77
Rajasthan,Coconut,1234.5
Rajasthan,Colacasia,2477.58
Rajasthan,Coriander (Leaves),2945.55
Rajasthan,Corriander Seed,6988.18
Rajasthan,Cotton,7564.05
Rajasthan,Cotton Seed,7540.82
Rajasthan,Cowpea (Lobia/Karamani),5347.24
Rajasthan,Cowpea (Veg),4346.2
Rajasthan,Cucumbar (Kheera),1895.19
Rajasthan,Cummin Seed (Jeera),20839.24
Rajasthan,Custard Apple (Sharifa),1790.96
Rajasthan,Dhaincha,4996.07
Rajasthan,Dry Chillies,18520.33
Rajasthan,Field Pea,2951.52
Rajasthan,Garlic,7817.81
Rajasthan,Ghee,50877.05
Rajasthan,Gingelly Oil,9800.0
Rajasthan,Ginger (Dry),4673.2
Rajasthan,Ginger (Green),4657.58
Rajasthan,Grapes,5263.7
Rajasthan,Green Chilli,2401.69
Rajasthan,Green Gram (Moong)(Whole),6522.22
Rajasthan,Green Gram Dal (Moong Dal),6652.53
Rajasthan,Green Peas,4191.92
Rajasthan,Ground Nut Seed,5263.57
Rajasthan,Groundnut,5268.42
Rajasthan,Guar,4820.95
Rajasthan,Guar Seed (Cluster Beans Seed),4890.07
Rajasthan,Guava,2466.11
Rajasthan,Gur (Jaggery),3703.77
Rajasthan,Indian Beans (Seam),2842.47
Rajasthan,Isabgul (Psyllium),12978.28
Rajasthan,Jack Fruit,1921.54
Rajasthan,Jamun (Narale Hannu),784.31
Rajasthan,Javi,3229.14
Rajasthan,Jowar (Sorghum),2757.11
Rajasthan,Kabuli Chana (Chickpeas-White),4605.85
Rajasthan,Karbuja (Musk Melon),1719.7
Rajasthan,Kinnow,2304.38
Rajasthan,Kulthi (Horse Gram),5260.4
Rajasthan,Lemon,4280.68
Rajasthan,Lentil (Masur)(Whole),5864.79
Rajasthan,Lime,4299.85
Rajasthan,Linseed,5726.21
Rajasthan,Litchi,7164.34
Rajasthan,Little Gourd (Kundru),1714.52
Rajasthan,Long Melon (Kakri),1557.61
Rajasthan,Mahedi,7187.65
Rajasthan,Mahua,2205.32
Rajasthan,Maize,2051.34
Rajasthan,Mango,5450.38
Rajasthan,Mango (Raw-Ripe),2818.49
Rajasthan,Marigold (Loose),3567.23
Rajasthan,Masur Dal,6006.0
Rajasthan,Mataki,5223.14
Rajasthan,Methi (Leaves),2416.53
Rajasthan,Methi Seeds,5314.72
Rajasthan,Mint (Pudina),1918.4
Rajasthan,Moath Dal,5621.17
Rajasthan,Mousambi (Sweet Lime),3219.86
Rajasthan,Mustard,5770.15
Rajasthan,Niger Seed (Ramtil),12300.0
Rajasthan,Onion,1740.24
Rajasthan,Onion Green,1264.49
Rajasthan,Orange,3290.47
Rajasthan,Paddy (Basmati),3431.62
Rajasthan,Paddy (Common),2599.87
Rajasthan,Paddy (Dhan)(Basmati),3232.48
Rajasthan,Paddy (Dhan)(Common),2964.31
Rajasthan,Papaya,2005.7
Rajasthan,Pear (Marasebu),2228.92
Rajasthan,Peas (Dry),3285.24
Rajasthan,Peas Cod,3182.84
Rajasthan,Peas Wet,3487.39
Rajasthan,Pineapple,3627.21
Rajasthan,Plum,5958.72
Rajasthan,Pointed Gourd (Parval),1892.73
Rajasthan,Pomegranate,6698.94
Rajasthan,Potato,1202.93
Rajasthan,Pumpkin,1057.69
Rajasthan,Raddish,894.45
Rajasthan,Rat Tail Radish (Mogari),2000.0
Rajasthan,Red Gram,4988.0
Rajasthan,Rice,4662.43
Rajasthan,Ridgeguard (Tori),2638.94
Rajasthan,Rose (Loose)),6848.28
Rajasthan,Round Gourd,1750.11
Rajasthan,Seetapal,2550.0
Rajasthan,"Sesamum (Sesame,Gingelly,Til)",10476.8
Rajasthan,Soanf,8759.79
Rajasthan,Soyabean,4954.98
Rajasthan,Spinach,1391.75
Rajasthan,Sponge Gourd,2482.1
Rajasthan,Sugar,3957.26
Rajasthan,Sweet Potato,1629.66
Rajasthan,Taramira,4938.27
Rajasthan,Tender Coconut,1292.55
Rajasthan,Tinda,2373.61
Rajasthan,Tomato,1882.01
Rajasthan,Toria,4200.0
Rajasthan,Turmeric (Raw),2418.14
Rajasthan,Water Melon,1378.34
Rajasthan,Wheat,2308.98
Rajasthan,Wool,4780.5
Rajasthan,Yam (Ratalu),3518.33
Tamil Nadu,Amaranthus,2709.83
Tamil Nadu,Amla (Nelli Kai),6834.53
Tamil Nadu,Apple,19287.87
Tamil Nadu,Arecanut (Betelnut/Supari),10881.09
Tamil Nadu,Arhar (Tur/Red Gram)(Whole),6082.55
Tamil Nadu,Ashgourd,2126.18
Tamil Nadu,Avare Dal,6689.0
Tamil Nadu,Bajra (Pearl Millet/Cumbu),2621.18
Tamil Nadu,Banana,5316.13
Tamil Nadu,Banana - Green,3036.97
Tamil Nadu,Beans,7643.71
Tamil Nadu,Beaten Rice,9131.0
Tamil Nadu,Beetroot,4281.28
Tamil Nadu,Bengal Gram (Gram)(Whole),5702.78
Tamil Nadu,Bengal Gram Dal (Chana Dal),6689.0
Tamil Nadu,Betal Leaves,13312.09
Tamil Nadu,Bhindi (Ladies Finger),3427.1
Tamil Nadu,Bitter Gourd,4770.3
Tamil Nadu,Black Gram (Urd Beans)(Whole),7258.93
Tamil Nadu,Black Gram Dal (Urd Dal),7175.24
Tamil Nadu,Black Pepper,58975.0
Tamil Nadu,Bottle Gourd,2204.34
Tamil Nadu,Brinjal,4459.14
Tamil Nadu,Cabbage,2797.35
Tamil Nadu,Capsicum,6353.01
Tamil Nadu,Carrot,6435.09
Tamil Nadu,Cashewnuts,10523.43
Tamil Nadu,Castor Seed,6076.74
Tamil Nadu,Cauliflower,3618.21
Tamil Nadu,Chikoos (Sapota),4432.62
Tamil Nadu,Chili Red,18605.18
Tamil Nadu,Chow Chow,3093.0
Tamil Nadu,Cluster Beans,3817.0
Tamil Nadu,Coconut,4689.5
Tamil Nadu,Coconut Seed,6020.0
Tamil Nadu,Coffee,18916.67
Tamil Nadu,Colacasia,5826.14
Tamil Nadu,Copra,8618.22
Tamil Nadu,Coriander (Leaves),4585.13
Tamil Nadu,Corriander Seed,10277.5
Tamil Nadu,Cotton,6557.94
Tamil Nadu,Cowpea (Lobia/Karamani),6438.87
Tamil Nadu,Cowpea (Veg),3940.48
Tamil Nadu,Cucumbar (Kheera),4071.83
Tamil Nadu,Custard Apple (Sharifa),4744.35
Tamil Nadu,Drumstick,6990.19
Tamil Nadu,Dry Chillies,12794.69
Tamil Nadu,Elephant Yam (Suran),6335.45
Tamil Nadu,Elephant Yam (Suran)/Amorphophallus,4823.09
Tamil Nadu,Fig (Anjura/Anjeer),10677.66
Tamil Nadu,Garlic,22242.66
Tamil Nadu,Gingelly Oil,11664.16
Tamil Nadu,Ginger (Dry),10666.67
Tamil Nadu,Ginger (Green),8617.93
Tamil Nadu,Grapes,10175.69
Tamil Nadu,Green Avare (W),7018.31
Tamil Nadu,Green Chilli,4916.99
Tamil Nadu,Green Gram (Moong)(Whole),6570.49
Tamil Nadu,Green Gram Dal (Moong Dal),7605.08
Tamil Nadu,Green Peas,12488.09
Tamil Nadu,Ground Nut Seed,8723.17
Tamil Nadu,Groundnut,7053.75
Tamil Nadu,Groundnut (Split),9800.39
Tamil Nadu,Groundnut Pods (Raw),2874.68
Tamil Nadu,Guava,5589.24
Tamil Nadu,Gur (Jaggery),4039.81
Tamil Nadu,Hybrid Cumbu,2664.11
Tamil Nadu,Indian Beans (Seam),6495.79
Tamil Nadu,Jack Fruit,3643.11
Tamil Nadu,Jamun (Narale Hannu),12093.89
Tamil Nadu,Jasmine,60565.35
Tamil Nadu,Jowar (Sorghum),2802.95
Tamil Nadu,Kabuli Chana (Chickpeas-White),4800.0
Tamil Nadu,Kakada,51411.62
Tamil Nadu,Karamani,6757.61
Tamil Nadu,Karbuja (Musk Melon),3692.81
Tamil Nadu,Knool Khol,4520.06
Tamil Nadu,Kodo Millet (Varagu),2542.84
Tamil Nadu,Kulthi (Horse Gram),4542.69
Tamil Nadu,Lemon,8294.65
Tamil Nadu,Lime,8137.08
Tamil Nadu,Maize,2517.69
Tamil Nadu,Mango,7710.04
Tamil Nadu,Mango (Raw-Ripe),5846.96
Tamil Nadu,Marigold (Calcutta),16847.2
Tamil Nadu,Mashrooms,11991.28
Tamil Nadu,Mint (Pudina),3936.45
Tamil Nadu,Moath Dal,2305.0
Tamil Nadu,Mousambi (Sweet Lime),6107.58
Tamil Nadu,Neem Seed,5345.36
Tamil Nadu,Onion,4269.58
Tamil Nadu,Onion Green,5438.29
Tamil Nadu,Orange,10301.19
Tamil Nadu,Paddy (Common),2052.11
Tamil Nadu,Paddy (Dhan)(Basmati),2303.67
Tamil Nadu,Paddy (Dhan)(Common),1874.89
Tamil Nadu,Papaya,3199.55
Tamil Nadu,Pear (Marasebu),12460.95
Tamil Nadu,Pineapple,6138.46
Tamil Nadu,Pomegranate,18645.1
Tamil Nadu,Potato,4448.26
Tamil Nadu,Pumpkin,2145.8
Tamil Nadu,Raddish,3026.18
Tamil Nadu,Ragi (Finger Millet),2923.46
Tamil Nadu,Ridgeguard (Tori),4425.81
Tamil Nadu,Rose (Local),16124.51
Tamil Nadu,Rubber,13341.67
Tamil Nadu,"Sesamum (Sesame,Gingelly,Til)",11697.7
Tamil Nadu,Snakeguard,3272.06
Tamil Nadu,Soyabean,8165.58
Tamil Nadu,Spinach,1000.0
Tamil Nadu,Sugarcane,3917.92
Tamil Nadu,Sunflower,5047.27
Tamil Nadu,Sweet Potato,4275.94
Tamil Nadu,T.V. Cumbu,4213.61
Tamil Nadu,Tamarind Fruit,11657.29
Tamil Nadu,Tamarind Seed,7368.0
Tamil Nadu,Tapioca,3169.85
Tamil Nadu,Tender Coconut,3037.06
Tamil Nadu,Thinai (Italian Millet),4135.27
Tamil Nadu,Thondekai,4340.7
Tamil Nadu,Tobacco,3219.62
Tamil Nadu,Tomato,2856.05
Tamil Nadu,Tube Flower,65715.63
Tamil Nadu,Tube Rose (Loose),12512.07
Tamil Nadu,Turmeric,7829.47
Tamil Nadu,Turnip,4953.77
Tamil Nadu,Water Melon,1956.38
Tamil Nadu,White Pumpkin,350.0
Tamil Nadu,Yam (Ratalu),7525.61
Telangana,Ajwan,11674.85
Telangana,Alasande Gram,4160.88
Telangana,Alsandikai,2839.0
Telangana,Amaranthus,2127.68
Telangana,Amla (Nelli Kai),4224.0
Telangana,Apple,8785.45
Telangana,Arhar (Tur/Red Gram)(Whole),6973.21
Telangana,Arhar Dal (Tur Dal),7197.89
Telangana,Astera,114.37
Telangana,Bajra (Pearl Millet/Cumbu),1996.65
Telangana,Bamboo,420.0
Telangana,Banana,1655.86
Telangana,Banana - Green,1618.05
Telangana,Beetroot,2196.52
Telangana,Bengal Gram (Gram)(Whole),4989.67
Telangana,Bengal Gram Dal (Chana Dal),5675.0
Telangana,Ber (Zizyphus/Borehannu),1661.73
Telangana,Bhindi (Ladies Finger),2863.75
Telangana,Bitter Gourd,3198.34
Telangana,Black Gram (Urd Beans)(Whole),6078.12
Telangana,Black Gram Dal (Urd Dal),6344.69
Telangana,Bottle Gourd,1001.86
Telangana,Brinjal,2284.48
Telangana,Bull,15589.76
Telangana,Bullar,5800.64
Telangana,Cabbage,1709.4
Telangana,Calf,14472.79
Telangana,Capsicum,4271.62
Telangana,Carnation,200.41
Telangana,Carrot,3204.93
Telangana,Castor Seed,5825.87
Telangana,Cauliflower,2341.92
Telangana,Cherry,11798.04
Telangana,Chikoos (Sapota),1908.14
Telangana,Chili Red,14805.65
Telangana,Chow Chow,1103.17
Telangana,Cluster Beans,3286.93
Telangana,Coconut,587.0
Telangana,Colacasia,3501.94
Telangana,Coriander (Leaves),574.64
Telangana,Corriander Seed,7034.69
Telangana,Cotton,7385.57
Telangana,Cotton Seed,7023.22
Telangana,Cow,38106.51
Telangana,Cowpea (Lobia/Karamani),5947.53
Telangana,Cucumbar (Kheera),1646.46
Telangana,Custard Apple (Sharifa),2559.86
Telangana,Daila (Chandni),32.35
Telangana,Dried Mango,23933.33
Telangana,Drumstick,3800.75
Telangana,Dry Chillies,13817.28
Telangana,Elephant Yam (Suran),3934.09
Telangana,Field Pea,4193.53
Telangana,French Beans (Frasbean),4922.61
Telangana,Garlic,6610.6
Telangana,Ginger (Dry),2430.36
Telangana,Ginger (Green),2095.67
Telangana,Gladiolus Cut Flower,48.37
Telangana,Grapes,5012.99
Telangana,Green Chilli,3945.57
Telangana,Green Gram (Moong)(Whole),6522.54
Telangana,Green Gram Dal (Moong Dal),7453.0
Telangana,Ground Nut Oil,5954.5
Telangana,Ground Nut Seed,11700.0
Telangana,Groundnut,5755.18
Telangana,Groundnut (Split),5854.76
Telangana,Groundnut Pods (Raw),3453.45
Telangana,Guava,2529.28
Telangana,Gur (Jaggery),3932.54
Telangana,He Buffalo,21358.27
Telangana,Indian Beans (Seam),6005.45
Telangana,Jack Fruit,2982.5
Telangana,Jarbara,169.54
Telangana,Jasmine,268.57
Telangana,Jowar (Sorghum),2881.13
Telangana,Kabuli Chana (Chickpeas-White),3933.0
Telangana,Kakada,299.63
Telangana,Kankambra,398.71
Telangana,Karbuja (Musk Melon),1315.49
Telangana,Kinnow,4469.64
Telangana,Knool Khol,952.3
Telangana,Kulthi (Horse Gram),4667.14
Telangana,Leafy Vegetable,2172.67
Telangana,Lemon,2520.0
Telangana,Lilly,15.69
Telangana,Lime,1747.79
Telangana,Litchi,10462.96
Telangana,Little Gourd (Kundru),3819.7
Telangana,Maize,2043.32
Telangana,Mango,2981.99
Telangana,Mango (Raw-Ripe),2493.07
Telangana,Marigold (Calcutta),44.24
Telangana,Marigold (Loose),41.95
Telangana,Mousambi (Sweet Lime),1907.85
Telangana,Mustard,4727.44
Telangana,Onion,1998.72
Telangana,Onion Green,2565.52
Telangana,Orange,2618.88
Telangana,Ox,18160.28
Telangana,Paddy (Common),2348.62
Telangana,Paddy (Dhan)(Basmati),2031.96
Telangana,Paddy (Dhan)(Common),2055.64
Telangana,Papaya,1351.48
Telangana,Papaya (Raw),587.0
Telangana,Pear (Marasebu),14600.0
Telangana,Pineapple,1250.34
Telangana,Plum,6553.72
Telangana,Pomegranate,7240.59
Telangana,Potato,2282.72
Telangana,Pumpkin,987.21
Telangana,Raddish,496.13
Telangana,Ragi (Finger Millet),2164.32
Telangana,Rice,3850.0
Telangana,Ridgeguard (Tori),3420.18
Telangana,Rose (Local),90.0
Telangana,Rose (Loose)),117.5
Telangana,Safflower,4978.52
Telangana,"Sesamum (Sesame,Gingelly,Til)",11376.32
Telangana,She Buffalo,35840.98
Telangana,Snakeguard,1435.19
Telangana,Soyabean,4794.34
Telangana,Spinach,2000.0
Telangana,Sunflower,5469.57
Telangana,Sunhemp,6108.87
Telangana,Sweet Potato,1811.64
Telangana,Tamarind Fruit,7184.6
Telangana,Tamarind Seed,1666.69
Telangana,Tender Coconut,1944.44
Telangana,Thondekai,2546.28
Telangana,Tomato,1888.98
Telangana,Turmeric,8140.06
Telangana,Water Melon,741.38
Telangana,Wheat,2201.49
Telangana,White Pumpkin,982.37
Telangana,Wood,540.98
Telangana,Yam,1982.76
Telangana,Yam (Ratalu),3721.74
Tripura,Amaranthus,1103.8
Tripura,Apple,11836.81
Tripura,Ashgourd,2744.94
Tripura,Banana,2359.95
Tripura,Banana - Green,3747.35
Tripura,Beans,5000.0
Tripura,Beaten Rice,3203.12
Tripura,Beetroot,5266.67
Tripura,Bengal Gram Dal (Chana Dal),5776.92
Tripura,Bhindi (Ladies Finger),4352.62
Tripura,Bitter Gourd,5884.65
Tripura,Black Gram Dal (Urd Dal),11812.5
Tripura,Bottle Gourd,1605.29
Tripura,Brinjal,3385.13
Tripura,Bull,30400.0
Tripura,Cabbage,2137.31
Tripura,Capsicum,12600.0
Tripura,Carrot,5510.82
Tripura,Cauliflower,3194.9
Tripura,Chili Red,25333.33
Tripura,Chow Chow,2829.17
Tripura,Cock,281.11
Tripura,Colacasia,3928.2
Tripura,Coriander (Leaves),2600.43
Tripura,Cow,25474.36
Tripura,Cowpea (Lobia/Karamani),5383.33
Tripura,Cowpea (Veg),4390.9
Tripura,Cucumbar (Kheera),4056.41
Tripura,Drumstick,3594.55
Tripura,Duck,542.95
Tripura,Field Pea,4358.33
Tripura,Fish,25459.86
Tripura,French Beans (Frasbean),4011.68
Tripura,Garlic,13055.65
Tripura,Ginger (Dry),11654.25
Tripura,Ginger (Green),9080.43
Tripura,Goat,4629.53
Tripura,Grapes,13297.22
Tripura,Green Chilli,10193.64
Tripura,Green Peas,5135.71
Tripura,Gur (Jaggery),7000.0
Tripura,Hen,443.59
Tripura,Hybrid Cumbu,3457.27
Tripura,Indian Beans (Seam),3723.16
Tripura,Jack Fruit,1640.15
Tripura,Kartali (Kantola),5417.8
Tripura,Knool Khol,1748.01
Tripura,Leafy Vegetable,1574.24
Tripura,Lemon,1802.8
Tripura,Mango,6195.29
Tripura,Mango (Raw-Ripe),16600.0
Tripura,Masur Dal,9979.22
Tripura,Onion,3439.52
Tripura,Orange,8000.0
Tripura,Paddy (Dhan)(Common),1833.2
Tripura,Papaya,1669.12
Tripura,Papaya (Raw),1621.51
Tripura,Peas (Dry),3100.0
Tripura,Peas Cod,3660.91
Tripura,Pigs,5439.17
Tripura,Pineapple,2036.02
Tripura,Pointed Gourd (Parval),4691.95
Tripura,Potato,2255.0
Tripura,Pumpkin,2662.28
Tripura,Raddish,2075.04
Tripura,Rice,3559.67
Tripura,Ridgeguard (Tori),4583.3
Tripura,Round Gourd,1550.0
Tripura,Snakeguard,4031.77
Tripura,Spinach,2637.5
Tripura,Sponge Gourd,4723.37
Tripura,Squash (Chappal Kadoo),2815.27
Tripura,Sweet Potato,2406.49
Tripura,Sweet Pumpkin,2404.81
Tripura,Tomato,3874.93
Tripura,Turmeric (Raw),2254.27
Tripura,Water Melon,3200.64
Tripura,White Pumpkin,1400.0
Uttar Pradesh,Amla (Nelli Kai),1518.07
Uttar Pradesh,Apple,7455.97
Uttar Pradesh,Arhar (Tur/Red Gram)(Whole),7257.48
Uttar Pradesh,Arhar Dal (Tur Dal),10992.29
Uttar Pradesh,Ashgourd,1564.38
Uttar Pradesh,Bajra (Pearl Millet/Cumbu),1963.49
Uttar Pradesh,Banana,2359.64
Uttar Pradesh,Banana - Green,1533.66
Uttar Pradesh,Barley (Jau),2174.0
Uttar Pradesh,Beans,1673.12
Uttar Pradesh,Beetroot,1557.76
Uttar Pradesh,Bengal Gram (Gram)(Whole),5923.17
Uttar Pradesh,Bengal Gram Dal (Chana Dal),6828.59
Uttar Pradesh,Ber (Zizyphus/Borehannu),1806.82
Uttar Pradesh,Bhindi (Ladies Finger),1722.85
Uttar Pradesh,Bitter Gourd,1966.14
Uttar Pradesh,Black Gram (Urd Beans)(Whole),7939.2
Uttar Pradesh,Black Gram Dal (Urd Dal),9441.43
Uttar Pradesh,Bottle Gourd,1234.55
Uttar Pradesh,Bran,1944.21
Uttar Pradesh,Brinjal,1388.25
Uttar Pradesh,Cabbage,1215.68
Uttar Pradesh,Capsicum,3042.93
Uttar Pradesh,Carrot,1214.82
Uttar Pradesh,Castor Seed,5050.0
Uttar Pradesh,Cauliflower,1458.77
Uttar Pradesh,Chikoos (Sapota),2893.4
Uttar Pradesh,Chili Red,17968.55
Uttar Pradesh,Cock,6339.58
Uttar Pradesh,Colacasia,1968.65
Uttar Pradesh,Coriander (Leaves),2348.45
Uttar Pradesh,Corriander Seed,9069.32
Uttar Pradesh,Cotton,7180.62
Uttar Pradesh,Cowpea (Lobia/Karamani),2288.64
Uttar Pradesh,Cowpea (Veg),2571.25
Uttar Pradesh,Cucumbar (Kheera),1498.58
Uttar Pradesh,Cummin Seed (Jeera),17833.33
Uttar Pradesh,Custard Apple (Sharifa),3940.91
Uttar Pradesh,Dry Chillies,12233.64
Uttar Pradesh,Egg,596.67
Uttar Pradesh,Elephant Yam (Suran),2823.7
Uttar Pradesh,Field Pea,2090.36
Uttar Pradesh,Firewood,321.81
Uttar Pradesh,Fish,9586.06
Uttar Pradesh,French Beans (Frasbean),1228.47
Uttar Pradesh,Garlic,7031.99
Uttar Pradesh,Ghee,44869.4
Uttar Pradesh,Ginger (Dry),3135.0
Uttar Pradesh,Ginger (Green),4475.31
Uttar Pradesh,Goat,4058.84
Uttar Pradesh,Gramflour,7069.6
Uttar Pradesh,Grapes,4346.5
Uttar Pradesh,Green Chilli,2730.73
Uttar Pradesh,Green Gram (Moong)(Whole),7652.16
Uttar Pradesh,Green Gram Dal (Moong Dal),9179.6
Uttar Pradesh,Green Peas,2604.71
Uttar Pradesh,Ground Nut Seed,8764.33
Uttar Pradesh,Groundnut,5556.4
Uttar Pradesh,Groundnut (Split),2570.0
Uttar Pradesh,Groundnut Pods (Raw),5753.45
Uttar Pradesh,Guar,2526.79
Uttar Pradesh,Guava,2031.34
Uttar Pradesh,Gur (Jaggery),3710.83
Uttar Pradesh,Honey,1000.0
Uttar Pradesh,Indian Beans (Seam),2590.0
Uttar Pradesh,Jack Fruit,1804.05
Uttar Pradesh,Javi,1794.38
Uttar Pradesh,Jowar (Sorghum),3041.34
Uttar Pradesh,Kabuli Chana (Chickpeas-White),6215.02
Uttar Pradesh,Karbuja (Musk Melon),1598.61
Uttar Pradesh,Khoya,23562.5
Uttar Pradesh,Kinnow,1706.17
Uttar Pradesh,Kodo Millet (Varagu),2501.0
Uttar Pradesh,Kulthi (Horse Gram),4910.0
Uttar Pradesh,Leafy Vegetable,676.47
Uttar Pradesh,Lemon,4437.43
Uttar Pradesh,Lentil (Masur)(Whole),6686.15
Uttar Pradesh,Lime,4373.35
Uttar Pradesh,Linseed,6540.01
Uttar Pradesh,Litchi,5049.41
Uttar Pradesh,Little Gourd (Kundru),1651.68
Uttar Pradesh,Long Melon (Kakri),1838.33
Uttar Pradesh,Lukad,2408.87
Uttar Pradesh,Mahua,3668.89
Uttar Pradesh,Mahua Seed (Hippe Seed),3968.0
Uttar Pradesh,Maida Atta,2423.87
Uttar Pradesh,Maize,2056.86
Uttar Pradesh,Mango,2777.69
Uttar Pradesh,Mango (Raw-Ripe),1946.63
Uttar Pradesh,Mashrooms,15500.0
Uttar Pradesh,Masur Dal,8166.52
Uttar Pradesh,Methi (Leaves),1485.82
Uttar Pradesh,Mousambi (Sweet Lime),3227.43
Uttar Pradesh,Mustard,6007.39
Uttar Pradesh,Mustard Oil,14278.44
Uttar Pradesh,Onion,1900.72
Uttar Pradesh,Onion Green,1770.82
Uttar Pradesh,Orange,3535.84
Uttar Pradesh,Paddy (Basmati),2839.7
Uttar Pradesh,Paddy (Common),2293.85
Uttar Pradesh,Paddy (Dhan)(Basmati),2974.85
Uttar Pradesh,Paddy (Dhan)(Common),2062.64
Uttar Pradesh,Papaya,2329.86
Uttar Pradesh,Papaya (Raw),1247.87
Uttar Pradesh,Peach,2103.61
Uttar Pradesh,Pear (Marasebu),2152.78
Uttar Pradesh,Peas (Dry),5336.85
Uttar Pradesh,Peas Cod,2049.37
Uttar Pradesh,Peas Wet,1984.85
Uttar Pradesh,Pegeon Pea (Arhar Fali),700.0
Uttar Pradesh,Pineapple,2604.89
Uttar Pradesh,Plum,2000.0
Uttar Pradesh,Pointed Gourd (Parval),3088.6
Uttar Pradesh,Pomegranate,6330.88
Uttar Pradesh,Potato,1161.59
Uttar Pradesh,Pumpkin,1179.56
Uttar Pradesh,Raddish,981.04
Uttar Pradesh,Rice,2776.51
Uttar Pradesh,Ridgeguard (Tori),1623.04
Uttar Pradesh,Round Gourd,1577.62
Uttar Pradesh,Same/Savi,1870.0
Uttar Pradesh,Season Leaves,890.38
Uttar Pradesh,Seetapal,1000.0
Uttar Pradesh,"Sesamum (Sesame,Gingelly,Til)",10182.92
Uttar Pradesh,Soji,2536.67
Uttar Pradesh,Soyabean,4963.23
Uttar Pradesh,Spinach,1123.78
Uttar Pradesh,Sponge Gourd,1497.7
Uttar Pradesh,Sugar,3872.69
Uttar Pradesh,Surat Beans (Papadi),1159.62
Uttar Pradesh,Sweet Potato,1508.87
Uttar Pradesh,Tapioca,2944.17
Uttar Pradesh,Tinda,1613.61
Uttar Pradesh,Tobacco,6786.08
Uttar Pradesh,Tomato,1833.58
Uttar Pradesh,Turmeric,12149.46
Uttar Pradesh,Turmeric (Raw),2257.14
Uttar Pradesh,Turnip,737.62
Uttar Pradesh,Water Melon,931.66
Uttar Pradesh,Wheat,2269.49
Uttar Pradesh,Wheat Atta,2276.91
Uttar Pradesh,White Peas,5267.95
Uttar Pradesh,White Pumpkin,435.42
Uttar Pradesh,Wood,484.04
Uttarakhand,Amla (Nelli Kai),1200.0
Uttarakhand,Apple,5061.36
Uttarakhand,Banana,1560.94
Uttarakhand,Banana - Green,1766.67
Uttarakhand,Beans,2350.0
Uttarakhand,Bhindi (Ladies Finger),3365.38
Uttarakhand,Bitter Gourd,1713.64
Uttarakhand,Black Gram (Urd Beans)(Whole),6400.0
Uttarakhand,Bottle Gourd,1375.58
Uttarakhand,Brinjal,971.71
Uttarakhand,Cabbage,1102.94
Uttarakhand,Capsicum,2650.0
Uttarakhand,Carrot,1321.67
Uttarakhand,Cauliflower,1316.67
Uttarakhand,Chikoos (Sapota),2350.0
Uttarakhand,Colacasia,1557.69
Uttarakhand,Cucumbar (Kheera),1313.33
Uttarakhand,Field Pea,3016.67
Uttarakhand,Fish,4500.0
Uttarakhand,French Beans (Frasbean),2281.94
Uttarakhand,Garlic,5030.0
Uttarakhand,Ginger (Green),3841.67
Uttarakhand,Grapes,3810.0
Uttarakhand,Green Chilli,2389.81
Uttarakhand,Green Gram Dal (Moong Dal),6800.0
Uttarakhand,Green Peas,1400.0
Uttarakhand,Guava,2590.0
Uttarakhand,Gur (Jaggery),2940.0
Uttarakhand,Kinnow,2616.67
Uttarakhand,Lemon,2887.5
Uttarakhand,Lime,3816.67
Uttarakhand,Mashrooms,5000.0
Uttarakhand,Masur Dal,6400.0
Uttarakhand,Mousambi (Sweet Lime),2776.67
Uttarakhand,Onion,1570.0
Uttarakhand,Orange,3010.71
Uttarakhand,Other Pulses,8200.0
Uttarakhand,Paddy (Basmati),3423.67
Uttarakhand,Paddy (Common),2204.81
Uttarakhand,Papaya,2306.67
Uttarakhand,Peas Cod,2866.67
Uttarakhand,Peas Wet,4554.55
Uttarakhand,Pointed Gourd (Parval),3566.67
Uttarakhand,Pomegranate,4762.5
Uttarakhand,Potato,898.66
Uttarakhand,Pumpkin,1000.0
Uttarakhand,Raddish,712.92
Uttarakhand,Rice,3004.5
Uttarakhand,Sweet Potato,2000.0
Uttarakhand,Tender Coconut,1200.0
Uttarakhand,Tomato,1877.12
Uttarakhand,Wheat,2490.0
Uttrakhand,Amla (Nelli Kai),1453.44
Uttrakhand,Apple,4947.86
Uttrakhand,Apricot (Jardalu/Khumani),2770.0
Uttrakhand,Arhar (Tur/Red Gram)(Whole),8841.5
Uttrakhand,Arhar Dal (Tur Dal),8932.4
Uttrakhand,Banana,1503.77
Uttrakhand,Banana - Green,1184.68
Uttrakhand,Beans,1833.84
Uttrakhand,Bengal Gram (Gram)(Whole),6948.69
Uttrakhand,Ber (Zizyphus/Borehannu),1812.77
Uttrakhand,Bhindi (Ladies Finger),1654.82
Uttrakhand,Bitter Gourd,1558.56
Uttrakhand,Black Gram (Urd Beans)(Whole),8685.84
Uttrakhand,Bottle Gourd,1044.49
Uttrakhand,Brinjal,1088.18
Uttrakhand,Cabbage,1364.27
Uttrakhand,Capsicum,1991.99
Uttrakhand,Carrot,1165.34
Uttrakhand,Cauliflower,1267.17
Uttrakhand,Chikoos (Sapota),2290.66
Uttrakhand,Chili Red,8543.0
Uttrakhand,Coconut,1925.0
Uttrakhand,Coconut Seed,2217.81
Uttrakhand,Colacasia,1840.49
Uttrakhand,Corriander Seed,6928.5
Uttrakhand,Cowpea (Lobia/Karamani),7170.25
Uttrakhand,Cucumbar (Kheera),1218.85
Uttrakhand,Cummin Seed (Jeera),23125.0
Uttrakhand,Field Pea,2260.59
Uttrakhand,Fish,4284.41
Uttrakhand,French Beans (Frasbean),2131.86
Uttrakhand,Garlic,5941.54
Uttrakhand,Ghee,420.0
Uttrakhand,Ginger (Dry),5643.87
Uttrakhand,Ginger (Green),3851.74
Uttrakhand,Grapes,3622.04
Uttrakhand,Green Chilli,2140.97
Uttrakhand,Green Gram (Moong)(Whole),8961.96
Uttrakhand,Green Peas,2202.16
Uttrakhand,Groundnut,9626.77
Uttrakhand,Guava,2013.61
Uttrakhand,Gur (Jaggery),3048.54
Uttrakhand,Indian Beans (Seam),1843.48
Uttrakhand,Jack Fruit,1399.37
Uttrakhand,Jamun (Narale Hannu),2200.0
Uttrakhand,Kabuli Chana (Chickpeas-White),5825.0
Uttrakhand,Karbuja (Musk Melon),1465.19
Uttrakhand,Kinnow,1968.48
Uttrakhand,Leafy Vegetable,1500.0
Uttrakhand,Lemon,3622.81
Uttrakhand,Lentil (Masur)(Whole),7913.43
Uttrakhand,Lime,6166.15
Uttrakhand,Litchi,4202.62
Uttrakhand,Long Melon (Kakri),1000.0
Uttrakhand,Maize,2101.53
Uttrakhand,Mango,2363.58
Uttrakhand,Mango (Raw-Ripe),1133.33
Uttrakhand,Mashrooms,5067.71
Uttrakhand,Masur Dal,7178.32
Uttrakhand,Mousambi (Sweet Lime),2850.34
Uttrakhand,Mustard,5148.61
Uttrakhand,Onion,1841.34
Uttrakhand,Onion Green,1481.25
Uttrakhand,Orange,2840.71
Uttrakhand,Paddy (Dhan)(Basmati),2754.18
Uttrakhand,Paddy (Dhan)(Common),2093.48
Uttrakhand,Papaya,2074.18
Uttrakhand,Peach,2524.75
Uttrakhand,Pear (Marasebu),2139.66
Uttrakhand,Peas (Dry),3307.86
Uttrakhand,Peas Cod,1444.44
Uttrakhand,Peas Wet,2011.39
Uttrakhand,Pegeon Pea (Arhar Fali),3783.72
Uttrakhand,Pineapple,1839.05
Uttrakhand,Plum,2684.48
Uttrakhand,Pointed Gourd (Parval),2406.36
Uttrakhand,Pomegranate,5275.24
Uttrakhand,Potato,1035.78
Uttrakhand,Pumpkin,952.85
Uttrakhand,Raddish,732.12
Uttrakhand,Rice,3133.54
Uttrakhand,Ridgeguard (Tori),1410.81
Uttrakhand,Soyabean,5000.88
Uttrakhand,Sponge Gourd,1409.31
Uttrakhand,Sweet Potato,1557.37
Uttrakhand,Tender Coconut,1700.0
Uttrakhand,Tinda,1885.27
Uttrakhand,Tomato,1572.05
Uttrakhand,Toria,1331.4
Uttrakhand,Turnip,1124.0
Uttrakhand,Water Melon,1018.49
Uttrakhand,Wheat,2281.84
Uttrakhand,White Pumpkin,2000.0
Uttrakhand,Wood,604.35
West Bengal,Almond (Badam),5000.0
West Bengal,Apple,10301.96
West Bengal,Arhar (Tur/Red Gram)(Whole),8696.54
West Bengal,Arhar Dal (Tur Dal),12618.95
West Bengal,Banana,2012.66
West Bengal,Bengal Gram (Gram)(Whole),7060.1
West Bengal,Bengal Gram Dal (Chana Dal),8283.64
West Bengal,Betal Leaves,29342.91
West Bengal,Bhindi (Ladies Finger),3260.68
West Bengal,Bitter Gourd,3569.5
West Bengal,Black Gram (Urd Beans)(Whole),8771.35
West Bengal,Black Gram Dal (Urd Dal),10331.51
West Bengal,Bottle Gourd,1620.71
West Bengal,Brinjal,2965.87
West Bengal,Cabbage,1678.31
West Bengal,Capsicum,6155.48
West Bengal,Cardamoms,76780.0
West Bengal,Carrot,3693.44
West Bengal,Cauliflower,2023.14
West Bengal,Cucumbar (Kheera),2819.08
West Bengal,Fish,19612.57
West Bengal,French Beans (Frasbean),7515.08
West Bengal,Garlic,13975.17
West Bengal,Ginger (Dry),9621.76
West Bengal,Ginger (Green),6937.41
West Bengal,Green Chilli,5251.88
West Bengal,Green Gram (Moong)(Whole),9266.71
West Bengal,Green Gram Dal (Moong Dal),10851.91
West Bengal,Groundnut,9148.74
West Bengal,Guava,6208.9
West Bengal,Gur (Jaggery),3586.37
West Bengal,Indian Beans (Seam),2263.64
West Bengal,Jute,5837.6
West Bengal,Lentil (Masur)(Whole),9294.42
West Bengal,Maize,2241.25
West Bengal,Mango,6923.7
West Bengal,Marigold (Loose),5526.93
West Bengal,Masur Dal,9669.58
West Bengal,Moath Dal,9653.78
West Bengal,Mousambi (Sweet Lime),6849.67
West Bengal,Mustard,6249.85
West Bengal,Mustard Oil,14950.28
West Bengal,Onion,2564.73
West Bengal,Orange,7351.38
West Bengal,Other Pulses,9562.5
West Bengal,Paddy (Common),2424.39
West Bengal,Paddy (Dhan)(Basmati),2199.78
West Bengal,Paddy (Dhan)(Common),2069.55
West Bengal,Papaya (Raw),1758.54
West Bengal,Peas (Dry),5913.29
West Bengal,Peas Cod,3306.32
West Bengal,Pineapple,2814.62
West Bengal,Pointed Gourd (Parval),3111.99
West Bengal,Pomegranate,11833.18
West Bengal,Potato,1505.25
West Bengal,Pumpkin,1488.16
West Bengal,Raddish,2492.84
West Bengal,Rice,3442.14
West Bengal,Ridgeguard (Tori),3176.29
West Bengal,Rose (Local),10850.6
West Bengal,"Sesamum (Sesame,Gingelly,Til)",7055.93
West Bengal,Spinach,1829.41
West Bengal,Squash (Chappal Kadoo),1716.95
West Bengal,Sugar,4014.07
West Bengal,Sweet Pumpkin,1561.78
West Bengal,Tobacco,2975.56
West Bengal,Tomato,2999.65
West Bengal,Tube Rose (Loose),8167.2
West Bengal,Turmeric,10776.7
West Bengal,Wheat,2422.2
